"","YEAR","ID","RACE","SEX","AGE","SIBS","RES16","FAMILY16","BORN","PARBORN","REALRINC","INCOM16","PAEDUC","MAEDUC","PAPRES105PLUS","MAPRES105PLUS","REALINC","HOMPOP","FINRELA","PRESTG105PLUS","EDUC","RES161","COMTYPE","HPARPRES","HPAREDU","FEMALE","BOTHPAR","WHITE","RES16MID","FIPP","lnREALRINC","lnFIPP","RESNOWBIG"
"1",1989,111,1,2,45,4,6,1,1,0,41746,3,8,12,29,-1,41746,5,2,55,12,NA,NA,29,12,TRUE,1,1,1,8349.2,10.6393589173059,9.02992100487175,NA
"2",1994,1984,1,2,34,4,5,1,1,0,8595,3,12,12,11,-1,8595,1,2,39,16,NA,NA,11,12,TRUE,1,1,1,8595,9.05893591781695,9.05893591781695,NA
"3",2012,187,1,1,56,1,5,1,1,0,49000,4,18,16,89,85,155139.9731,4,4,91,17,NA,NA,89,18,FALSE,1,1,1,38784.993275,10.7995755770928,10.5657886795332,NA
"4",1998,2186,1,2,26,0,4,3,1,0,4478,NA,12,12,59,55,4478,2,3,40,14,NA,NA,59,12,TRUE,0,1,1,2239,8.4069317971587,7.71378461659875,NA
"5",2014,2303,1,2,49,2,6,1,1,0,NA,3,16,16,63,85,2601.5,1,5,87,16,NA,NA,85,16,TRUE,1,1,1,2601.5,NA,7.86384348073036,NA
"6",2012,873,1,1,28,2,3,5,1,0,10412.5,3,-1,16,-1,87,10412.5,1,3,16,13,NA,NA,87,16,FALSE,0,1,0,10412.5,9.2507622864751,9.2507622864751,NA
"7",2006,2174,1,2,23,2,3,1,1,0,12080.625,4,19,16,85,66,12080.625,1,4,16,15,NA,NA,85,19,TRUE,1,1,0,12080.625,9.39935820856102,9.39935820856102,NA
"8",2008,1623,1,1,65,16,1,1,1,0,NA,2,8,4,42,-1,NA,2,3,34,12,NA,NA,42,8,FALSE,1,1,0,NA,NA,NA,NA
"9",1991,165,1,1,63,1,6,1,1,0,13579,3,12,9,28,-1,27158,2,2,61,14,NA,NA,28,12,FALSE,1,1,1,13579,9.5162797606988,9.5162797606988,NA
"10",2016,2436,1,2,20,3,5,5,1,0,NA,3,-1,17,-1,18,NA,2,3,NA,14,NA,NA,18,17,TRUE,0,1,1,NA,NA,NA,NA
"11",2002,2637,1,2,30,2,4,1,1,0,NA,NA,15,12,85,39,13296.125,6,3,22,12,NA,NA,85,15,TRUE,1,1,1,2216.02083333333,NA,7.70346844914669,NA
"12",1982,149,1,1,63,4,6,1,1,8,36167,3,0,0,62,-1,36167,2,3,39,14,NA,NA,62,0,FALSE,1,1,1,18083.5,10.4959023798419,9.80275519928199,NA
"13",1987,946,1,2,35,1,5,1,1,0,37500,3,12,12,63,-1,55000,5,4,42,17,NA,NA,63,12,TRUE,1,1,1,11000,10.5320962119585,9.30565055178051,NA
"14",1987,855,1,2,35,6,4,0,1,0,23750,3,12,9,34,-1,55000,3,3,27,9,NA,NA,34,12,TRUE,0,1,1,18333.3333333333,10.0753378094628,9.8164761755465,NA
"15",1975,410,1,1,32,6,3,3,NA,NA,20011,4,8,9,49,-1,20011,4,3,28,11,NA,NA,49,9,FALSE,0,1,0,5002.75,9.90403740134156,8.51774304022167,NA
"16",1993,869,1,2,55,2,4,1,2,2,16703,3,3,10,58,-1,21615,2,2,33,16,NA,2,58,10,TRUE,1,1,1,10807.5,9.72334362298995,9.28799561654179,1
"17",1975,1610,1,1,60,7,6,1,NA,NA,27793,3,5,-1,44,-1,27793,2,2,27,8,NA,NA,44,5,FALSE,1,1,1,13896.5,10.232539469411,9.53939228885105,NA
"18",1987,949,1,2,28,1,3,1,1,0,NA,4,14,18,42,-1,55000,3,4,55,14,NA,NA,42,18,TRUE,1,1,0,18333.3333333333,NA,9.8164761755465,NA
"19",2018,1729,1,1,52,1,2,1,1,0,5107.5,3,15,12,94,-1,5107.5,1,2,24,14,NA,NA,94,15,FALSE,1,1,0,5107.5,8.53846532669178,8.53846532669178,NA
"20",2012,553,1,2,42,6,3,3,1,0,2695,3,16,14,78,24,10412.5,1,3,82,14,NA,NA,78,16,TRUE,0,1,0,10412.5,7.8991534833431,9.2507622864751,NA
"21",1988,652,1,2,33,2,4,1,1,0,26538,3,14,13,55,-1,53077,4,4,54,15,NA,NA,55,14,TRUE,1,1,1,13269.25,10.1863329470964,9.49320460726633,NA
"22",1996,1458,1,1,67,6,3,1,1,1,NA,NA,8,9,50,-1,17038,1,3,50,13,NA,NA,50,9,FALSE,1,1,0,17038,NA,9.74320142260279,NA
"23",2014,1486,1,1,39,1,5,1,1,0,31927.5,3,14,12,49,11,31927.5,2,3,18,12,NA,NA,49,14,FALSE,1,1,1,15963.75,10.3712229863704,9.67807580581047,NA
"24",1974,1477,1,1,44,2,3,1,NA,NA,43178,2,6,12,49,-1,43178,6,4,62,15,NA,NA,49,12,FALSE,1,1,0,7196.33333333333,10.6730863852564,8.88132691602835,NA
"25",2002,1488,1,1,61,0,3,1,1,0,NA,2,8,12,26,46,NA,1,3,64,19,NA,NA,46,12,FALSE,1,1,0,NA,NA,NA,NA
"26",1988,823,1,2,60,5,4,8,1,1,NA,3,18,-1,89,-1,13269,2,3,29,9,NA,NA,89,18,TRUE,0,1,1,6634.5,NA,8.80003858597649,NA
"27",1983,1165,1,2,31,3,6,1,2,8,18459,3,12,-1,52,-1,34078,3,3,58,13,NA,NA,52,12,TRUE,1,1,1,11359.3333333333,9.8233073354086,9.33779500510708,NA
"28",1989,338,1,2,27,4,4,1,1,0,12756,2,12,12,55,-1,12756,2,3,54,12,NA,NA,55,12,TRUE,1,1,1,6378,9.45375702812995,8.76060984757,NA
"29",2006,93,1,1,44,8,3,1,2,8,15633.75,3,0,6,58,-1,25582.5,6,3,24,10,NA,NA,58,6,FALSE,1,1,0,4263.75,9.65718731786312,8.35790433373286,NA
"30",1987,682,1,1,20,5,3,1,1,0,5500,3,-1,11,34,-1,5500,3,2,34,9,NA,NA,34,11,FALSE,1,1,0,1833.33333333333,8.61250337122056,7.51389108255245,NA
"31",2004,2038,1,2,37,4,3,1,1,0,27171,5,20,12,95,-1,128434.605938,5,4,59,17,NA,NA,95,20,TRUE,1,1,0,25686.9211876,10.2099055070431,10.1537372381419,NA
"32",1996,1352,2,2,33,1,4,3,1,0,19938,NA,12,20,54,64,39875,3,3,85,16,3,NA,64,20,TRUE,0,0,1,13291.6666666667,9.90038273758265,9.49489255141904,NA
"33",1996,1026,1,2,35,3,4,1,1,0,32625,NA,3,14,29,85,32625,1,5,42,12,1,NA,85,14,TRUE,1,1,1,32625,10.392834144625,10.392834144625,NA
"34",1989,394,1,2,43,3,4,1,1,2,5102,4,11,12,69,-1,88133,5,3,26,12,NA,NA,69,12,TRUE,1,1,1,17626.6,8.53738789870176,9.77716440370205,NA
"35",2012,1776,1,1,27,1,1,3,1,0,NA,NA,-1,20,29,16,NA,1,2,NA,11,NA,NA,29,20,FALSE,0,1,0,NA,NA,NA,NA
"36",1988,804,1,1,41,3,3,1,1,0,53077,4,8,14,65,-1,53077,6,4,55,15,NA,NA,65,14,FALSE,1,1,0,8846.16666666667,10.8794989683862,9.08773949915816,NA
"37",2004,1311,1,1,36,2,3,1,1,0,40756.5,2,15,16,19,85,40756.5,2,3,54,16,NA,NA,85,16,FALSE,1,1,0,20378.25,10.6153706151512,9.92222343459128,NA
"38",1998,766,1,1,60,5,3,4,1,0,6201,NA,8,-1,45,-1,46507,1,3,62,11,NA,NA,45,8,FALSE,0,1,0,46507,8.73246584834988,10.7473581178802,NA
"39",2014,88,2,1,41,7,5,1,2,8,31927.5,3,12,12,50,-1,47300,4,3,46,16,NA,NA,50,12,FALSE,1,0,1,11825,10.3712229863704,9.37797121336013,NA
"40",2014,2409,1,2,69,5,3,1,1,0,NA,3,10,12,49,18,17737.5,1,4,55,12,NA,NA,49,12,TRUE,1,1,0,17737.5,NA,9.7834363214683,NA
"41",1986,1003,1,2,45,4,4,3,1,0,NA,3,-1,12,76,-1,56058,2,4,42,12,NA,NA,76,12,TRUE,0,1,1,28029,NA,10.2409949674611,NA
"42",1976,458,2,2,66,10,2,2,NA,NA,NA,2,0,7,58,-1,11205,3,2,14,3,NA,NA,58,7,TRUE,0,0,0,3735,NA,8.22550309756692,NA
"43",1973,717,1,2,59,6,6,2,NA,NA,NA,3,-1,0,29,-1,32761,5,3,38,10,NA,NA,29,0,TRUE,0,1,1,6552.2,NA,8.78755615009755,NA
"44",1994,1311,1,1,63,4,2,1,1,0,NA,1,8,9,24,14,4202,2,2,29,8,NA,NA,24,9,FALSE,1,1,0,2101,NA,7.650168700845,NA
"45",2004,2193,1,1,24,1,3,3,1,0,19623.5,2,12,12,29,22,19623.5,1,NA,35,12,NA,NA,29,12,FALSE,0,1,0,19623.5,9.88448310660843,9.88448310660843,NA
"46",1984,1156,1,1,52,3,2,1,1,0,15132,3,8,8,58,-1,15132,2,2,80,12,NA,NA,58,8,FALSE,1,1,0,7566,9.62456698575292,8.93141980519298,NA
"47",1982,739,1,2,25,3,3,1,1,0,5425,3,14,14,80,-1,16577,4,3,87,12,NA,NA,80,14,TRUE,1,1,0,4144.25,8.59877317840866,8.32947711030497,NA
"48",2008,1306,1,1,32,2,1,3,1,0,36146.25,4,16,14,48,10,36146.25,4,4,91,14,NA,NA,48,16,FALSE,0,1,0,9036.5625,10.4953284877663,9.1090341266464,NA
"49",1983,462,1,2,73,2,4,1,1,0,NA,2,-1,8,44,-1,2272,1,2,27,11,NA,NA,44,8,TRUE,1,1,1,2272,NA,7.72841577984104,NA
"50",2002,904,1,2,19,6,3,5,1,0,2189.95,3,-1,12,-1,55,17206.75,3,NA,16,12,NA,NA,55,12,TRUE,0,1,0,5735.58333333333,7.69163399149969,8.65444473900873,NA
"51",2018,277,1,1,45,1,5,1,1,2,151050.72136,4,18,18,49,76,119879.41732,4,1,90,18,NA,NA,76,18,FALSE,1,1,1,29969.85433,11.9253709624406,10.3079472997717,NA
"52",1978,463,1,2,37,1,3,1,1,2,16284,3,-1,3,38,-1,24879,4,3,38,12,NA,NA,38,3,TRUE,1,1,0,6219.75,9.69793830962287,8.73548499199942,NA
"53",1990,1322,2,1,68,4,2,1,1,0,4879,3,8,8,58,-1,4879,1,2,58,10,NA,NA,58,8,FALSE,1,0,0,4879,8.49269555981584,8.49269555981584,NA
"54",1977,99,1,2,59,6,4,1,1,8,10594,3,4,0,49,-1,31299,2,3,NA,11,NA,NA,49,4,TRUE,1,1,1,15649.5,9.26804308210447,9.65819424657613,NA
"55",2018,619,3,2,44,7,3,1,2,8,NA,3,12,6,76,-1,8512.5,3,2,85,16,NA,NA,76,12,TRUE,1,0,0,2837.5,NA,7.95067866178966,NA
"56",2016,2443,1,1,77,2,6,1,1,1,936,3,10,12,62,-1,17550,2,3,94,17,NA,NA,62,12,FALSE,1,1,1,8775,6.84161547647759,9.07966204833407,NA
"57",1994,2158,1,2,36,3,5,1,1,0,5730,2,18,16,42,-1,34380,2,2,66,12,NA,NA,42,18,TRUE,1,1,1,17190,8.65347080970879,9.75208309837689,NA
"58",1973,13,1,1,76,12,2,1,NA,NA,NA,2,6,6,58,-1,9173,2,2,37,8,NA,NA,58,6,FALSE,1,1,0,4586.5,NA,8.43087248494971,NA
"59",1978,714,1,2,32,2,3,1,1,0,NA,3,4,10,23,-1,6333,4,3,NA,12,NA,NA,23,10,TRUE,1,1,0,1583.25,NA,7.36723497539654,NA
"60",1983,220,1,1,24,4,4,1,1,0,5112,4,12,12,63,-1,34078,3,3,26,11,NA,NA,63,12,FALSE,1,1,1,11359.3333333333,8.53934599605737,9.33779500510708,NA
"61",1994,2423,1,1,22,2,3,1,1,0,12415,NA,12,13,29,55,12415,4,3,97,13,NA,NA,55,13,FALSE,1,1,0,3103.75,9.42666069794227,8.04036633682238,NA
"62",2002,1597,1,2,30,2,5,1,1,0,28156.5,4,17,12,85,55,28156.5,1,3,24,16,NA,NA,85,17,TRUE,1,1,1,28156.5,10.2455335127746,10.2455335127746,NA
"63",2018,520,1,1,72,1,3,1,1,0,12485,2,12,12,26,55,24970,2,3,55,12,NA,NA,55,12,FALSE,1,1,0,12485,9.43228320271387,9.43228320271387,NA
"64",2006,3422,1,2,30,2,4,1,1,0,15633.75,3,14,12,29,26,38373.75,2,4,57,16,NA,NA,29,14,TRUE,1,1,1,19186.875,9.65718731786312,9.86198173050913,NA
"65",2000,2199,1,2,52,6,6,1,1,0,NA,NA,8,12,32,28,24937,2,2,44,12,NA,3,32,12,TRUE,1,1,1,12468.5,NA,9.43096074274595,0
"66",2000,2678,1,1,34,5,1,5,1,0,18287,NA,-1,13,-1,23,18287,1,3,21,15,NA,NA,23,13,FALSE,0,1,0,18287,9.81394570387463,9.81394570387463,NA
"67",1994,125,1,1,46,1,6,1,1,0,34380,3,7,12,16,-1,51570,4,3,39,14,NA,3,16,12,FALSE,1,1,1,12892.5,10.4452302789368,9.46440102592511,0
"68",1985,1342,1,1,34,6,1,1,1,0,NA,3,10,10,76,-1,14515,2,5,68,11,NA,NA,76,10,FALSE,1,1,0,7257.5,NA,8.88979069589879,NA
"69",2010,93,2,2,31,4,5,1,1,8,NA,NA,12,13,50,27,NA,2,NA,85,16,NA,NA,50,13,TRUE,1,0,1,NA,NA,NA,NA
"70",2002,1697,1,1,52,1,5,1,1,0,NA,3,12,12,54,-1,137237.765589,1,NA,63,12,NA,NA,54,12,FALSE,1,1,1,137237.765589,NA,11.829470215792,NA
"71",2006,2755,1,1,55,3,5,1,1,0,56850,4,17,14,65,-1,56850,1,4,78,17,NA,NA,65,17,FALSE,1,1,1,56850,10.9481714991787,10.9481714991787,NA
"72",2004,2299,1,2,75,8,1,2,1,0,NA,NA,7,-1,62,10,12830.75,2,NA,26,2,NA,NA,62,7,TRUE,0,1,0,6415.375,NA,8.76645273208322,NA
"73",1996,1927,1,1,28,4,4,4,1,0,NA,NA,16,-1,87,-1,17038,2,4,16,15,NA,NA,87,16,FALSE,0,1,1,8519,NA,9.05005424204284,NA
"74",2012,325,1,1,26,2,2,1,1,0,13475,3,12,16,42,29,33075,2,3,46,14,NA,NA,42,16,FALSE,1,1,0,16537.5,9.5085913957772,9.71338580842321,NA
"75",2002,2288,1,2,43,2,3,1,1,0,23463.75,3,14,14,39,26,23463.75,5,3,74,16,NA,NA,39,14,TRUE,1,1,0,4692.75,10.0632119559807,8.45377404354658,NA
"76",1984,389,1,1,53,2,3,1,2,8,87058,3,12,12,80,-1,92858,5,4,92,20,NA,NA,80,12,FALSE,1,1,0,18571.6,11.3743298421799,9.82938881110903,NA
"77",2010,1154,1,2,29,1,3,1,1,1,NA,4,12,14,37,80,34965,2,3,86,14,NA,NA,80,14,TRUE,1,1,0,17482.5,NA,9.76895565957802,NA
"78",1986,1458,1,1,25,2,3,1,1,0,38222,4,14,18,78,-1,38222,2,5,15,12,NA,NA,78,18,FALSE,1,1,0,19111,10.5511665450489,9.85801936448898,NA
"79",2000,1900,1,1,27,0,6,3,1,2,21612,NA,16,20,94,64,21612,2,3,73,16,NA,NA,94,20,FALSE,0,1,1,10806,9.98100399496396,9.28785681440401,NA
"80",1976,1278,1,2,35,10,4,1,NA,NA,NA,3,8,5,11,-1,15279,6,2,26,12,NA,NA,11,8,TRUE,1,1,1,2546.5,NA,7.84247514632466,NA
"81",2014,849,1,2,56,5,1,3,1,0,26015,3,-1,12,52,29,26015,3,3,48,15,NA,NA,52,12,TRUE,0,1,0,8671.66666666667,10.1664285737244,9.06781628505629,NA
"82",1988,647,1,1,28,2,1,3,1,0,31364,3,12,12,25,-1,36189,2,4,97,17,NA,NA,25,12,FALSE,0,1,0,18094.5,10.3534160173508,9.80336330367355,NA
"83",2008,944,1,2,38,5,3,1,1,0,10040.625,1,12,12,27,24,10040.625,2,1,14,12,NA,NA,27,12,TRUE,1,1,0,5020.3125,9.21439464230422,8.52124746174428,NA
"84",1987,764,1,2,86,8,2,1,1,0,NA,3,10,-1,58,-1,7500,1,3,NA,9,NA,NA,58,10,TRUE,1,1,0,7500,NA,8.9226582995244,NA
"85",1989,446,1,2,79,6,2,1,1,8,NA,2,8,6,58,-1,10436,1,4,55,13,NA,NA,58,8,TRUE,1,1,0,10436,NA,9.25301664625662,NA
"86",2016,1915,2,1,48,2,4,5,1,0,NA,2,-1,14,-1,35,21060,2,2,29,17,NA,NA,35,14,FALSE,0,0,1,10530,NA,9.26198360512802,NA
"87",1974,894,2,2,48,7,6,1,NA,NA,22206,2,12,12,24,-1,43178,2,3,23,12,NA,NA,24,12,TRUE,1,0,1,21589,10.0081178016142,9.97993920469646,NA
"88",1976,375,1,1,25,2,3,1,NA,NA,18335,3,12,12,48,-1,25465,3,2,28,12,NA,NA,48,12,FALSE,1,1,0,8488.33333333333,9.81656708050543,9.0464479506506,NA
"89",1980,1231,1,2,28,3,5,1,2,8,16994,4,12,9,95,-1,28323,3,2,21,14,NA,NA,95,12,TRUE,1,1,1,9441,9.74061561956349,9.15281718573252,NA
"90",2000,879,1,2,79,1,4,1,1,0,NA,NA,12,12,44,-1,10806,1,3,47,12,NA,NA,44,12,TRUE,1,1,1,10806,NA,9.28785681440401,NA
"91",1977,488,1,2,85,4,2,1,1,0,NA,2,8,4,58,-1,6741,1,3,NA,8,NA,NA,58,8,TRUE,1,1,0,6741,NA,8.81596356085344,NA
"92",1998,146,1,1,34,1,6,2,1,0,NA,NA,11,12,42,-1,NA,4,4,58,11,NA,NA,42,12,FALSE,0,1,1,NA,NA,NA,NA
"93",1989,1058,1,1,41,1,5,1,1,0,41746,5,16,14,80,-1,88133,1,5,94,20,NA,NA,80,16,FALSE,1,1,1,88133,10.6393589173059,11.3866023161361,NA
"94",1991,1440,1,2,68,1,3,1,1,0,3760,2,8,14,16,-1,56405,2,NA,85,17,NA,NA,16,14,TRUE,1,1,0,28202.5,8.23217423638394,10.2471659054791,NA
"95",2016,2146,1,2,55,3,4,1,1,0,2574,2,14,11,28,14,17550,1,2,74,12,NA,NA,28,14,TRUE,1,1,1,17550,7.85321638815607,9.77280922889401,NA
"96",1998,2115,2,2,49,3,4,1,1,0,4478,NA,15,16,92,-1,4478,3,1,69,15,NA,NA,92,16,TRUE,1,0,1,1492.66666666667,8.4069317971587,7.30831950849059,NA
"97",2002,1701,1,2,64,16,6,1,2,8,NA,NA,1,3,58,-1,1251.4,1,NA,14,1,NA,NA,58,3,TRUE,1,1,1,1251.4,NA,7.13201820356426,NA
"98",2008,426,1,1,23,2,4,5,1,0,7363.125,3,-1,12,-1,55,12718.125,2,3,32,11,NA,NA,55,12,FALSE,0,1,1,6359.0625,8.90423971400038,8.75763623980851,NA
"99",1984,401,1,2,29,9,3,2,1,0,NA,3,8,14,50,-1,6053,8,1,NA,13,NA,NA,50,14,TRUE,0,1,0,756.625,NA,6.62886775421185,NA
"100",2004,2513,1,2,75,6,3,1,1,0,NA,2,7,8,58,-1,8302.25,2,2,49,11,NA,NA,58,8,TRUE,1,1,0,4151.125,NA,8.33113466082537,NA
"101",1986,272,1,2,70,4,5,1,1,1,NA,5,-1,9,33,-1,4587,1,1,44,12,NA,NA,33,9,TRUE,1,1,1,4587,NA,8.43098149459717,NA
"102",2018,1057,1,1,21,0,2,5,1,3,6242.5,3,-1,12,-1,29,14755,2,3,39,9,NA,NA,29,12,FALSE,0,1,0,7377.5,8.73913602215393,8.90619010681709,NA
"103",1978,456,1,2,30,1,6,1,1,2,3619,2,14,14,21,-1,20355,2,2,49,16,NA,NA,21,14,TRUE,1,1,1,10177.5,8.19395302356374,9.22793468037713,NA
"104",2006,628,2,1,49,4,6,1,1,0,25582.5,1,11,11,36,-1,NA,3,2,68,15,NA,NA,36,11,FALSE,1,0,1,NA,10.1496638029609,NA,NA
"105",1994,1586,1,1,79,3,3,1,1,0,NA,NA,12,12,42,-1,34380,2,3,94,19,NA,NA,42,12,FALSE,1,1,0,17190,NA,9.75208309837689,NA
"106",1996,940,1,1,21,1,1,1,1,0,NA,NA,13,14,83,-1,102565,4,3,NA,14,1,NA,83,14,FALSE,1,1,0,25641.25,NA,10.1519576617963,NA
"107",1993,569,1,1,89,3,2,1,1,0,NA,4,8,8,58,-1,10808,2,3,62,12,NA,3,58,8,FALSE,1,1,0,5404,NA,8.59489469908009,0
"108",2002,92,1,2,32,3,3,1,1,0,NA,NA,-1,12,55,55,42234.75,2,NA,47,12,NA,NA,55,12,TRUE,1,1,0,21117.375,NA,9.95785144032286,NA
"109",2002,1353,1,1,26,2,3,5,1,0,10167.625,3,-1,12,-1,61,17206.75,4,NA,59,12,NA,NA,61,12,FALSE,0,1,0,4301.6875,9.22696393178006,8.36676266655695,NA
"110",2008,819,3,2,31,3,4,0,1,8,10040.625,2,11,11,38,-1,10040.625,3,2,68,11,NA,NA,38,11,TRUE,0,0,1,3346.875,9.21439464230422,8.11578235363611,NA
"111",1975,728,1,1,38,7,2,1,NA,NA,27793,2,7,7,49,-1,50027,5,3,54,13,NA,NA,49,7,FALSE,1,1,0,10005.4,10.232539469411,9.21088022622865,NA
"112",2018,1855,1,1,61,1,3,1,1,0,NA,3,12,18,59,91,24970,1,3,64,18,NA,NA,91,18,FALSE,1,1,0,24970,NA,10.1254303832738,NA
"113",2018,1418,1,2,32,4,5,5,1,0,NA,3,-1,7,-1,17,1589,2,3,14,10,NA,NA,17,7,TRUE,0,1,1,794.5,NA,6.67771298597677,NA
"114",1986,103,2,1,33,4,6,1,1,0,33125,2,8,10,29,-1,56058,3,3,63,14,NA,NA,29,10,FALSE,1,0,1,18686,10.4080435632885,9.8355298593529,NA
"115",2006,1843,1,1,52,3,5,1,1,0,NA,3,14,12,51,85,12080.625,1,2,55,13,NA,NA,85,14,FALSE,1,1,1,12080.625,NA,9.39935820856102,NA
"116",1996,745,1,1,47,3,5,1,1,0,87419,NA,16,12,90,-1,102565,3,5,85,16,3,NA,90,16,FALSE,1,1,1,34188.3333333333,11.3784679293219,10.4396397342481,NA
"117",1980,1157,1,1,64,2,4,1,1,0,28323,4,8,12,61,-1,32100,2,4,69,12,NA,NA,61,12,FALSE,1,1,1,16050,10.2514294744006,9.68346412855816,NA
"118",2014,528,3,1,21,1,3,1,1,1,21285,3,3,12,49,63,66220,4,3,49,12,NA,NA,63,12,FALSE,1,0,0,16555,9.96575787826225,9.71444344998135,NA
"119",1974,404,1,1,29,2,2,1,NA,NA,4935,4,14,14,58,-1,16038,2,1,49,16,NA,NA,58,14,FALSE,1,1,0,8019,8.50410795186758,8.98956900480703,NA
"120",1982,1270,1,1,38,3,1,1,1,0,36167,3,12,14,31,-1,36167,2,3,37,13,NA,NA,31,14,FALSE,1,1,0,18083.5,10.4959023798419,9.80275519928199,NA
"121",1972,17,1,1,24,0,3,8,NA,NA,NA,3,8,8,63,-1,24366,4,3,50,14,NA,NA,63,8,FALSE,0,1,0,6091.5,NA,8.71464963579446,NA
"122",1973,1480,1,1,57,7,5,1,NA,NA,NA,2,12,12,49,-1,19657,1,3,39,16,NA,NA,49,12,FALSE,1,1,1,19657,NA,9.8861887879578,NA
"123",1980,1099,1,1,37,2,4,1,1,0,56647,1,7,14,63,-1,56647,1,4,84,17,NA,NA,63,14,FALSE,1,1,1,56647,10.9445943083019,10.9445943083019,NA
"124",1975,159,1,2,32,6,3,3,NA,NA,4447,3,8,12,20,-1,86496,5,4,NA,12,NA,NA,20,12,TRUE,0,1,0,17299.2,8.3999849905107,9.75841553664207,NA
"125",2006,240,3,2,25,14,4,1,2,8,NA,3,-1,0,18,18,284.25,6,3,16,4,NA,NA,18,0,TRUE,1,0,1,47.375,NA,3.85809466340259,NA
"126",1975,168,1,2,19,2,6,1,NA,NA,1112,3,-1,8,26,-1,20011,3,3,NA,12,NA,NA,26,8,TRUE,1,1,1,6670.33333333333,7.01391547481053,8.80542511267345,NA
"127",2018,769,1,1,36,1,3,5,1,0,12485,2,-1,16,-1,29,24970,4,2,43,12,NA,NA,29,16,FALSE,0,1,0,6242.5,9.43228320271387,8.73913602215393,NA
"128",1984,8,1,1,19,1,6,1,1,0,2201,3,16,16,87,-1,NA,5,NA,23,12,NA,NA,87,16,FALSE,1,1,1,NA,7.69666708152646,NA,NA
"129",2010,889,1,1,38,6,5,2,2,8,3367,3,12,-1,62,-1,11007.5,6,3,35,6,NA,NA,62,12,FALSE,0,1,1,1834.58333333333,8.12177741916107,7.51457266840185,NA
"130",1973,4,1,1,32,0,2,1,NA,NA,NA,3,8,12,58,-1,32761,5,3,12,12,NA,NA,58,12,FALSE,1,1,0,6552.2,NA,8.78755615009755,NA
"131",2014,875,1,1,58,3,3,1,1,0,13007.5,2,10,12,50,26,21285,2,2,26,12,NA,NA,50,12,FALSE,1,1,0,10642.5,9.47328139316446,9.27261069770231,NA
"132",2012,1689,1,2,43,2,1,1,1,0,11637.5,3,12,8,11,14,NA,4,3,46,17,NA,NA,14,12,TRUE,1,1,0,NA,9.36198792158532,NA,NA
"133",1983,175,1,1,25,1,5,1,1,0,18459,4,13,12,55,-1,18459,1,3,55,16,NA,NA,55,13,FALSE,1,1,1,18459,9.8233073354086,9.8233073354086,NA
"134",2014,1446,1,1,67,2,6,1,1,2,NA,3,-1,12,16,50,11233.75,1,2,20,11,NA,NA,50,12,FALSE,1,1,1,11233.75,NA,9.32667791897258,NA
"135",1984,263,1,2,72,9,2,1,2,8,3852,3,11,12,49,-1,4952,1,2,11,12,NA,NA,49,12,TRUE,1,1,0,4952,8.25634777291802,8.50754681436443,NA
"136",2008,845,1,2,26,1,5,4,1,0,14726.25,2,16,-1,28,-1,29452.5,4,2,26,14,NA,NA,28,16,TRUE,0,1,1,7363.125,9.59738689456033,8.90423971400038,NA
"137",1986,1281,2,1,27,11,2,1,1,0,510,2,10,11,21,-1,7644,5,3,50,12,NA,NA,21,11,FALSE,1,0,0,1528.8,6.23441072571837,7.33223839292606,NA
"138",2006,606,1,1,47,1,4,1,1,0,18476.25,4,20,16,89,55,18476.25,3,3,29,12,NA,NA,89,20,FALSE,1,1,1,6158.75,9.82424140252628,8.72562911385817,NA
"139",1977,1092,2,1,50,10,3,1,1,0,17335,1,-1,6,16,-1,17335,2,1,16,12,NA,NA,16,6,FALSE,1,0,0,8667.5,9.76048285811912,9.06733567755918,NA
"140",1987,301,1,1,32,6,3,1,1,0,32500,4,14,14,58,-1,37500,1,4,39,13,NA,NA,58,14,FALSE,1,1,0,37500,10.3889953683178,10.5320962119585,NA
"141",1974,951,1,1,73,2,1,1,NA,NA,NA,3,7,7,58,-1,4935,3,3,58,7,NA,NA,58,7,FALSE,1,1,0,1645,NA,7.40549566319947,NA
"142",1988,1085,1,1,44,1,5,1,1,0,43426,3,8,8,39,-1,43426,6,4,26,13,NA,NA,39,8,FALSE,1,1,1,7237.66666666667,10.6788136190537,8.88705414982566,NA
"143",1993,1606,1,2,30,1,1,1,1,0,NA,3,13,12,29,-1,18471,2,2,39,18,NA,3,29,13,TRUE,1,1,0,9235.5,NA,9.13081003301937,0
"144",1973,544,1,2,26,5,1,1,NA,NA,NA,3,7,7,32,-1,32761,4,3,16,12,NA,NA,32,7,TRUE,1,1,0,8190.25,NA,9.01069970141176,NA
"145",1985,514,1,2,67,1,4,3,1,0,3695,4,8,8,43,-1,17154,1,3,18,10,NA,NA,43,8,TRUE,0,1,1,17154,8.2147358333823,9.74998666155037,NA
"146",1976,434,1,1,30,3,5,1,NA,NA,4074,3,9,12,19,-1,9167,3,1,18,12,NA,NA,19,12,FALSE,1,1,1,3055.66666666667,8.31238059678675,8.02475306929367,NA
"147",1998,2654,1,1,48,2,3,1,1,0,46507,NA,14,12,51,12,46507,4,2,43,12,NA,NA,51,14,FALSE,1,1,0,11626.75,10.7473581178802,9.36106375676031,NA
"148",2010,326,2,2,46,11,6,5,1,0,14245,4,-1,12,-1,50,14245,2,2,53,13,NA,NA,50,12,TRUE,0,0,1,7122.5,9.56416124693201,8.87101406637206,NA
"149",1998,671,1,1,35,2,3,1,1,0,14641,NA,12,9,58,16,22392,5,2,54,10,NA,NA,58,12,FALSE,1,1,0,4478.4,9.59158109119348,8.40702111876119,NA
"150",1996,146,1,2,30,2,3,1,1,8,13594,NA,12,10,39,29,15406,3,2,55,13,NA,NA,39,12,TRUE,1,1,0,5135.33333333333,9.51738379790658,8.5439000342448,NA
"151",2016,235,1,1,23,2,5,1,1,0,234,4,18,16,91,55,131676.6906,5,4,91,16,NA,NA,91,18,FALSE,1,1,1,26335.33812,5.4553211153577,10.1786669710225,NA
"152",1973,463,1,1,25,1,6,1,NA,NA,NA,3,9,14,69,-1,58970,3,3,49,15,NA,NA,69,14,FALSE,1,1,1,19656.6666666667,NA,9.88617183032644,NA
"153",1980,1269,1,2,37,1,5,1,1,1,NA,4,20,18,93,-1,56647,4,4,68,16,NA,NA,93,20,TRUE,1,1,1,14161.75,NA,9.55829994718202,NA
"154",2002,1567,2,2,36,4,4,5,1,0,13296.125,2,-1,16,-1,55,13296.125,4,3,26,14,NA,NA,55,16,TRUE,0,0,1,3324.03125,9.49522791837474,8.10893355725485,NA
"155",2006,2909,1,1,29,2,3,5,1,0,6395.625,2,-1,13,-1,20,6395.625,2,2,15,12,NA,NA,20,13,FALSE,0,1,0,3197.8125,8.76336944184102,8.07022226128107,NA
"156",1974,900,1,1,28,2,6,1,NA,NA,96450,3,12,10,11,-1,94738,4,4,NA,16,NA,NA,11,12,FALSE,1,1,1,23684.5,11.4767800183339,10.0725761047276,NA
"157",1974,703,1,2,65,3,3,0,NA,NA,NA,NA,0,0,58,-1,4935,1,2,NA,8,NA,NA,58,0,TRUE,0,1,0,4935,NA,8.50410795186758,NA
"158",1996,2888,1,1,30,5,3,1,1,0,19938,NA,14,12,58,55,19938,4,3,40,13,NA,NA,58,14,FALSE,1,1,0,4984.5,9.90038273758265,8.51408837646276,NA
"159",1976,718,1,2,49,7,1,1,NA,NA,9167,2,1,0,58,-1,18335,4,3,25,4,NA,NA,58,1,TRUE,1,1,0,4583.75,9.12336535796178,8.43027271938554,NA
"160",1996,1988,1,1,31,2,5,1,1,0,NA,NA,2,9,45,16,13594,4,3,28,12,1,NA,45,9,FALSE,1,1,1,3398.5,NA,8.13108943678669,NA
"161",1994,2225,1,1,26,1,5,1,1,0,21010,NA,18,18,80,85,21010,3,3,85,16,NA,2,85,18,FALSE,1,1,1,7003.33333333333,9.95275379383905,8.85414150517094,1
"162",1991,386,2,1,68,0,1,1,1,0,NA,3,6,6,26,-1,NA,2,3,51,12,NA,NA,26,6,FALSE,1,0,0,NA,NA,NA,NA
"163",2000,1369,2,2,38,3,4,1,1,0,NA,NA,12,11,35,-1,NA,4,1,26,12,NA,NA,35,12,TRUE,1,0,1,NA,NA,NA,NA
"164",1996,2145,1,1,40,2,5,1,1,0,27188,NA,16,12,90,-1,27188,1,3,66,12,3,NA,90,16,FALSE,1,1,1,27188,10.2105309784665,10.2105309784665,NA
"165",1983,662,1,1,67,2,3,1,1,0,NA,2,3,6,18,-1,15619,2,3,59,10,NA,NA,18,6,FALSE,1,1,0,7809.5,NA,8.96309622029778,NA
"166",1982,3,1,2,27,4,5,1,1,0,NA,4,12,12,51,-1,28030,1,4,59,15,NA,NA,51,12,TRUE,1,1,1,28030,NA,10.2410306441588,NA
"167",2010,775,1,2,51,4,1,5,1,0,11007.5,3,-1,12,-1,39,11007.5,1,2,14,14,NA,NA,39,12,TRUE,0,1,0,11007.5,9.30633213762991,9.30633213762991,NA
"168",1991,1072,1,1,25,3,4,3,1,0,9401,2,8,13,29,-1,27158,2,3,33,14,NA,NA,29,13,FALSE,0,1,1,13579,9.14857134557855,9.5162797606988,NA
"169",2008,1862,1,1,41,5,2,3,1,0,12718.125,1,12,15,15,32,14726.25,3,1,29,12,NA,NA,32,15,FALSE,0,1,0,4908.75,9.45078342036845,8.49877460589222,NA
"170",1982,1052,1,2,56,0,5,1,1,0,13563,4,12,12,31,-1,NA,2,3,50,12,NA,NA,31,12,TRUE,1,1,1,NA,9.51510077596271,NA,NA
"171",1996,2338,1,2,67,1,3,5,1,0,NA,NA,-1,10,-1,48,9969,3,3,22,12,NA,NA,48,10,TRUE,0,1,0,3323,NA,8.1086232683546,NA
"172",2018,1925,1,1,56,3,3,1,1,0,12485,2,10,12,50,14,20430,2,2,20,11,NA,NA,50,12,FALSE,1,1,0,10215,9.43228320271387,9.23161250725172,NA
"173",1991,286,1,2,61,10,4,1,1,0,17757,2,-1,8,12,-1,17757,1,2,87,15,NA,NA,12,8,TRUE,1,1,1,17757,9.78453508335883,9.78453508335883,NA
"174",1998,1844,1,2,43,4,5,1,1,1,18947,NA,16,12,90,-1,56842,2,4,83,17,NA,NA,90,16,TRUE,1,1,1,28421,9.84940088663236,10.2548835875204,NA
"175",2018,1588,2,2,36,11,3,7,1,0,1589,3,-1,20,-1,29,2043,1,3,15,13,NA,NA,29,20,TRUE,0,0,0,2043,7.37086016653672,7.62217459481762,NA
"176",2010,1603,1,1,61,1,3,1,1,0,NA,4,19,16,89,91,119606.06532,2,5,89,16,NA,NA,91,19,FALSE,1,1,0,59803.03266,NA,10.9988116520308,NA
"177",2010,1836,1,1,55,2,1,1,1,0,NA,3,16,16,58,85,NA,1,3,84,16,NA,NA,85,16,FALSE,1,1,0,NA,NA,NA,NA
"178",2010,1289,1,1,52,2,1,1,1,0,NA,4,12,12,42,-1,28490,1,3,44,16,NA,NA,42,12,FALSE,1,1,0,28490,NA,10.257308427492,NA
"179",1985,1205,1,2,78,7,2,1,1,2,NA,2,7,8,58,-1,17154,1,3,NA,11,NA,NA,58,8,TRUE,1,1,0,17154,NA,9.74998666155037,NA
"180",2004,219,1,1,21,2,3,1,1,0,NA,3,17,17,94,85,1207.6,1,3,NA,15,NA,NA,94,17,FALSE,1,1,0,1207.6,NA,7.09639019783268,NA
"181",1982,601,2,2,29,5,3,1,1,0,NA,2,5,8,23,-1,13563,5,2,22,12,NA,NA,23,8,TRUE,1,0,0,2712.6,NA,7.90566286352861,NA
"182",2000,2091,2,2,36,6,1,1,1,0,7481,NA,-1,12,50,28,7481,4,2,15,12,NA,5,50,12,TRUE,1,0,0,1870.25,8.9201217518724,7.53382739075251,0
"183",1994,2475,1,2,48,1,5,1,1,0,10505,3,14,12,55,-1,24830,2,3,18,12,NA,NA,55,14,TRUE,1,1,1,12415,9.2596066132791,9.42666069794227,NA
"184",1988,376,2,1,19,NA,3,2,1,0,1930,3,14,12,76,-1,20507,6,2,24,8,NA,NA,76,14,FALSE,0,0,0,3417.83333333333,7.56527528189893,8.13676210102772,NA
"185",2002,682,1,2,68,1,4,1,1,0,NA,NA,12,12,73,50,62570,9,4,87,16,NA,NA,73,12,TRUE,1,1,1,6952.22222222222,NA,8.84681663165619,NA
"186",2012,545,2,2,58,2,5,1,1,0,NA,2,10,10,53,14,NA,1,3,91,16,NA,NA,53,10,TRUE,1,0,1,NA,NA,NA,NA
"187",1993,245,1,1,72,6,4,1,1,0,NA,3,3,3,16,-1,NA,2,2,52,8,NA,5,16,3,FALSE,1,1,1,NA,NA,NA,0
"188",1988,1183,1,1,42,10,1,1,1,0,43426,2,8,8,39,-1,43426,3,3,53,12,NA,NA,39,8,FALSE,1,1,0,14475.3333333333,10.6788136190537,9.58020133038561,NA
"189",2012,1587,1,2,61,3,2,1,1,0,15925,2,8,10,58,-1,18375,1,3,94,20,NA,NA,58,10,TRUE,1,1,0,18375,9.67564548044036,9.81874632408104,NA
"190",1996,2369,1,1,47,3,2,5,1,0,NA,NA,-1,14,-1,16,363,4,2,6,10,1,NA,16,14,FALSE,0,1,0,90.75,NA,4.50810847314496,NA
"191",2018,646,1,2,55,8,2,1,2,8,54480,1,-1,0,58,-1,54480,1,4,88,18,NA,NA,58,0,TRUE,1,1,0,54480,10.9055889408234,10.9055889408234,NA
"192",2004,1833,1,1,20,5,2,1,1,0,6792.75,2,20,12,58,42,11321.25,2,NA,5,13,NA,NA,58,20,FALSE,1,1,0,5660.625,8.82361114592317,8.64128958912921,NA
"193",2000,1730,3,1,38,9,5,5,1,0,29925,NA,-1,16,-1,42,29925,1,3,58,16,NA,3,42,16,FALSE,0,0,1,29925,10.3064495304262,10.3064495304262,0
"194",2002,1981,1,2,63,3,3,5,1,0,17206.75,3,-1,12,-1,47,42234.75,2,NA,54,12,NA,NA,47,12,TRUE,0,1,0,21117.375,9.75305702767684,9.95785144032286,NA
"195",1986,1143,1,1,50,1,2,1,1,0,NA,2,8,8,18,-1,102084,2,1,58,12,NA,NA,18,8,FALSE,1,1,0,51042,NA,10.8404041022039,NA
"196",1990,295,1,2,36,2,5,1,1,0,24395,3,14,11,90,-1,99988,2,3,80,14,NA,NA,90,14,TRUE,1,1,1,49994,10.1021334722499,10.8196582772097,NA
"197",1976,104,1,2,33,2,4,1,NA,NA,NA,3,6,10,29,-1,4074,4,2,NA,9,NA,NA,29,10,TRUE,1,1,1,1018.5,NA,6.92608623566686,NA
"198",2012,1485,1,2,45,3,2,1,1,0,7962.5,3,12,12,27,27,7962.5,1,2,18,16,NA,NA,27,12,TRUE,1,1,0,7962.5,8.98249829988042,8.98249829988042,NA
"199",2016,2492,1,1,81,5,6,1,1,0,NA,2,7,8,26,16,5265,1,2,35,10,NA,NA,26,8,FALSE,1,1,1,5265,NA,8.56883642456808,NA
"200",2004,1972,3,2,40,0,3,5,1,0,3924.7,3,-1,9,-1,28,9811.75,1,NA,85,14,NA,NA,28,9,TRUE,0,0,0,9811.75,8.27504519417433,9.19133592604848,NA
"201",1973,1374,1,2,70,8,2,1,NA,NA,NA,3,8,8,58,-1,14415,2,3,21,8,NA,NA,58,8,TRUE,1,1,0,7207.5,NA,8.88287742951256,NA
"202",2012,1443,1,1,89,9,3,1,1,8,NA,3,6,6,35,-1,6737.5,1,1,15,8,NA,NA,35,6,FALSE,1,1,0,6737.5,NA,8.81544421521725,NA
"203",2018,191,3,1,53,4,5,1,1,2,54480,3,12,12,25,28,54480,2,4,59,12,NA,NA,28,12,FALSE,1,0,1,27240,10.9055889408234,10.2124417602634,NA
"204",1989,21,1,2,50,1,6,1,2,8,15075,1,18,14,82,-1,15075,1,2,26,18,NA,NA,82,18,TRUE,1,1,1,15075,9.62079302159539,9.62079302159539,NA
"205",2014,1650,1,2,72,1,5,1,1,0,NA,3,16,14,91,-1,47300,1,4,56,16,NA,NA,91,16,TRUE,1,1,1,47300,NA,10.76426557448,NA
"206",1994,92,1,2,81,7,3,5,1,8,NA,2,-1,6,-1,14,8595,1,3,50,8,NA,3,14,6,TRUE,0,1,0,8595,NA,9.05893591781695,0
"207",2018,920,1,2,66,2,3,1,1,0,NA,3,11,12,40,29,17025,2,2,39,12,NA,NA,40,12,TRUE,1,1,0,8512.5,NA,9.04929095045777,NA
"208",1986,676,1,2,30,7,3,1,1,0,9173,4,12,12,55,-1,28029,6,3,32,16,NA,NA,55,12,TRUE,1,1,0,4671.5,9.12401966550966,8.44923549823301,NA
"209",2018,1496,1,2,65,10,2,1,1,0,908,1,10,11,24,28,20430,1,2,64,14,NA,NA,28,11,TRUE,1,1,0,20430,6.81124437860129,9.92475968781167,NA
"210",2008,1379,1,2,48,2,3,1,1,0,1874.25,1,16,16,86,-1,1874.25,1,3,15,12,NA,NA,86,16,TRUE,1,1,0,1874.25,7.53596385838317,7.53596385838317,NA
"211",2006,3140,1,1,21,6,1,3,1,0,10659.375,3,12,14,27,24,10659.375,1,3,16,12,NA,NA,27,14,FALSE,0,1,0,10659.375,9.27419506560701,9.27419506560701,NA
"212",1977,1270,1,2,22,6,3,1,1,0,963,3,-1,12,29,-1,14446,4,1,29,12,NA,NA,29,12,TRUE,1,1,0,3611.5,6.87005341179813,8.1918784774909,NA
"213",2014,1528,1,1,28,2,1,5,1,0,8868.75,2,-1,12,-1,27,8868.75,1,3,9,9,NA,NA,27,12,FALSE,0,1,0,8868.75,9.09028914090835,9.09028914090835,NA
"214",2014,2274,1,1,56,1,6,1,1,0,21285,3,10,14,18,27,31927.5,4,3,29,13,NA,NA,27,14,FALSE,1,1,1,7981.875,9.96575787826225,8.98492862525053,NA
"215",1983,901,1,1,32,4,3,1,1,0,8520,3,12,12,55,-1,10223,4,2,32,11,NA,NA,55,12,FALSE,1,1,0,2555.75,9.05017161982336,7.84610100163712,NA
"216",1982,439,1,2,49,4,5,1,1,0,4220,3,10,8,75,-1,36167,2,3,29,13,NA,NA,75,10,TRUE,1,1,1,18083.5,8.34759040703006,9.80275519928199,NA
"217",1998,1235,1,2,44,2,3,1,1,0,11196,NA,8,8,32,38,56842,2,4,NA,14,NA,NA,38,8,TRUE,1,1,0,28421,9.32331185063534,10.2548835875204,NA
"218",2014,1711,1,1,59,3,4,1,1,0,15372.5,3,12,12,29,-1,15372.5,1,2,50,13,NA,NA,29,12,FALSE,1,1,1,15372.5,9.64033547782762,9.64033547782762,NA
"219",2016,2666,3,2,57,13,3,5,1,0,NA,3,-1,8,-1,35,4212,1,2,21,13,NA,NA,35,8,TRUE,0,0,0,4212,NA,8.34569287325387,NA
"220",2010,1775,1,1,37,2,3,1,1,2,14245,3,12,12,29,40,28490,2,3,50,12,NA,NA,40,12,FALSE,1,1,0,14245,9.56416124693201,9.56416124693201,NA
"221",1976,1102,1,1,49,1,6,1,NA,NA,45837,3,10,12,76,-1,45837,3,3,80,12,NA,NA,76,12,FALSE,1,1,1,15279,10.7328469042208,9.63423461555271,NA
"222",1972,1551,2,1,34,2,3,1,NA,NA,NA,5,16,12,92,-1,NA,2,4,56,16,NA,NA,92,16,FALSE,1,0,0,NA,NA,NA,NA
"223",1996,488,1,1,48,1,6,1,1,0,17038,NA,12,15,21,20,39875,4,3,25,14,1,NA,21,15,FALSE,1,1,1,9968.75,9.74320142260279,9.20721047896726,NA
"224",1988,1140,1,1,29,9,1,1,1,0,15682,2,8,12,21,-1,26538,3,3,45,12,NA,NA,21,12,FALSE,1,1,0,8846,9.66026883679087,9.08772065842827,NA
"225",1973,598,1,2,27,9,3,8,NA,NA,NA,4,12,12,24,-1,32761,NA,3,NA,12,NA,NA,24,12,TRUE,0,1,0,NA,NA,NA,NA
"226",1986,276,2,1,43,3,3,3,2,8,11466,3,5,2,46,-1,24207,5,NA,18,8,NA,NA,46,5,FALSE,0,0,0,4841.4,9.34714141346833,8.48495921408252,NA
"227",2004,636,2,2,43,8,3,1,1,0,49813.5,3,7,13,37,50,60380,2,NA,91,18,NA,NA,50,13,TRUE,1,0,0,30190,10.8160413106134,10.3152660227009,NA
"228",2014,1527,1,2,55,3,5,1,1,0,NA,3,16,14,65,87,NA,3,3,28,13,NA,NA,87,16,TRUE,1,1,1,NA,NA,NA,NA
"229",1998,94,1,2,42,2,5,1,1,8,NA,NA,12,12,39,-1,16363,1,1,18,16,NA,NA,39,12,TRUE,1,1,1,16363,NA,9.7027779674289,NA
"230",1986,1219,1,1,40,1,3,1,1,0,28029,3,12,8,38,-1,45866,4,3,61,16,NA,NA,38,12,FALSE,1,1,0,11466.5,10.2409949674611,9.34718501970403,NA
"231",1978,1112,1,1,64,1,6,6,1,0,67851,2,12,-1,85,-1,67851,2,4,89,19,NA,NA,85,12,FALSE,0,1,1,33925.5,11.1250694035479,10.431922222988,NA
"232",1987,208,1,2,39,5,6,1,1,0,11250,4,16,14,42,-1,55000,4,4,55,15,NA,NA,42,16,TRUE,1,1,1,13750,9.32812340763257,9.52879410309472,NA
"233",2000,171,1,1,30,2,3,1,1,0,24937,NA,12,12,19,29,24937,1,3,36,12,NA,NA,29,12,FALSE,1,1,0,24937,10.1241079233059,10.1241079233059,NA
"234",2018,2106,1,1,51,3,5,1,1,0,24970,4,16,12,83,27,24970,3,3,52,14,NA,NA,83,16,FALSE,1,1,1,8323.33333333333,10.1254303832738,9.02681809460571,NA
"235",2014,2276,1,1,62,2,6,1,1,0,39022.5,4,13,18,55,16,47300,2,4,76,16,NA,NA,55,18,FALSE,1,1,1,23650,10.5718936818326,10.0711183939201,NA
"236",2004,2732,1,1,60,3,6,1,1,0,134008.440726,3,12,12,39,-1,128434.605938,3,NA,90,16,NA,NA,39,12,FALSE,1,1,1,42811.5353126667,11.8056580674418,10.6645628619079,NA
"237",1998,1918,1,1,55,21,2,1,1,0,7751,NA,-1,12,18,13,22392,5,2,33,13,NA,NA,18,12,FALSE,1,1,0,4478.4,8.95557714628151,8.40702111876119,NA
"238",2002,1252,1,2,39,0,5,5,1,0,11731.875,1,-1,14,-1,55,14860.375,2,NA,63,12,NA,NA,55,14,TRUE,0,1,1,7430.1875,9.37006477542074,8.91330637292502,NA
"239",1994,526,2,2,52,0,6,1,1,0,51570,NA,6,6,16,14,99956,2,4,80,19,NA,3,16,6,TRUE,1,0,1,49978,10.850695387045,10.8193381875819,0
"240",1984,90,1,2,28,1,3,1,2,2,17884,4,2,2,50,-1,46773,3,2,30,13,NA,NA,50,2,TRUE,1,1,0,15591,9.79166173735387,9.65444910367655,NA
"241",1998,1363,1,1,28,1,6,3,1,0,25837,NA,12,16,66,27,37895,2,3,60,17,NA,NA,66,16,FALSE,0,1,1,18947.5,10.1595628520853,9.84942727568618,NA
"242",1973,881,2,1,22,5,4,1,NA,NA,NA,2,5,3,23,-1,NA,2,3,50,12,NA,NA,23,5,FALSE,1,0,1,NA,NA,NA,NA
"243",2002,995,1,2,44,2,1,1,1,0,NA,NA,10,12,37,22,11731.875,1,3,29,12,NA,NA,37,12,TRUE,1,1,0,11731.875,NA,9.37006477542074,NA
"244",2012,1195,2,1,28,2,4,1,1,0,NA,NA,20,16,85,-1,NA,2,3,85,16,NA,NA,85,20,FALSE,1,0,1,NA,NA,NA,NA
"245",1994,2949,1,1,21,6,1,2,1,0,12415,NA,8,11,29,-1,14325,3,3,12,12,NA,3,29,11,FALSE,0,1,0,4775,9.42666069794227,8.47114925291483,0
"246",1983,995,2,2,27,3,6,1,1,0,NA,2,11,14,16,-1,2272,2,2,NA,8,NA,NA,16,14,TRUE,1,0,1,1136,NA,7.0352685992811,NA
"247",2002,697,1,1,46,2,3,3,1,0,17206.75,4,12,13,63,54,17206.75,1,3,64,13,NA,NA,63,13,FALSE,0,1,0,17206.75,9.75305702767684,9.75305702767684,NA
"248",1972,1360,2,1,47,6,6,1,NA,NA,NA,2,10,4,15,-1,30458,8,2,15,12,NA,NA,15,10,FALSE,1,0,1,3807.25,NA,8.2446624227318,NA
"249",1998,1191,1,2,41,3,5,1,1,0,22392,NA,17,12,90,48,22392,5,3,74,12,NA,NA,90,17,TRUE,1,1,1,4478.4,10.0164590311953,8.40702111876119,NA
"250",2014,1126,1,1,47,3,5,3,1,0,47300,4,-1,18,91,73,56760,4,4,39,14,NA,NA,91,18,FALSE,0,1,1,14190,10.76426557448,9.56029277015409,NA
"251",2002,2451,1,1,48,2,3,1,1,0,34413.5,3,12,12,92,18,42234.75,5,NA,59,12,NA,NA,92,12,FALSE,1,1,0,8446.95,10.4462042082368,9.0415607084487,NA
"252",2004,1883,3,1,25,0,4,5,1,0,6792.75,3,-1,14,-1,55,6792.75,2,NA,24,16,NA,NA,55,14,FALSE,0,0,1,3396.375,8.82361114592317,8.13046396536322,NA
"253",2010,798,1,1,61,1,6,1,1,0,NA,3,18,18,-1,68,9712.5,2,1,55,16,NA,NA,68,18,FALSE,1,1,1,4856.25,NA,8.48802181411596,NA
"254",2012,406,3,2,42,5,2,1,2,8,NA,3,10,5,58,-1,26950,5,3,NA,12,NA,NA,58,10,TRUE,1,0,0,5390,NA,8.59230066390304,NA
"255",1975,1212,1,2,26,2,4,1,NA,NA,14452,4,12,8,39,-1,27793,3,3,12,13,NA,NA,39,12,TRUE,1,1,1,9264.33333333333,9.57858809226753,9.13392718074289,NA
"256",1998,85,1,1,39,3,1,1,1,0,56842,NA,12,12,27,-1,115841,4,3,62,12,NA,NA,27,12,FALSE,1,1,0,28960.25,10.9480307680804,10.2736794790591,NA
"257",2006,2397,1,1,64,4,3,1,1,0,NA,3,8,8,85,-1,21318.75,1,3,94,19,NA,NA,85,8,FALSE,1,1,0,21318.75,NA,9.96734224616696,NA
"258",1986,700,1,1,32,2,4,1,1,0,19111,3,12,12,85,-1,33125,2,3,78,16,NA,NA,85,12,FALSE,1,1,1,16562.5,9.85801936448898,9.71489638272858,NA
"259",1987,2144,2,1,29,10,2,1,1,0,13750,2,8,9,18,-1,13750,4,2,15,11,NA,NA,18,9,FALSE,1,0,0,3437.5,9.52879410309472,8.14249974197483,NA
"260",1974,27,1,1,53,1,3,1,NA,NA,30841,4,2,12,36,-1,55515,4,4,18,15,NA,NA,36,12,FALSE,1,1,0,13878.75,10.3366002525731,9.53811417236848,NA
"261",1975,1001,1,2,30,3,3,1,NA,NA,NA,5,13,14,46,-1,50027,7,3,16,14,NA,NA,46,14,TRUE,1,1,0,7146.71428571429,NA,8.87440798960744,NA
"262",2006,3305,1,2,49,6,3,1,1,0,NA,3,8,12,53,19,2558.25,2,2,13,9,NA,NA,53,12,TRUE,1,1,0,1279.125,NA,7.15393152940692,NA
"263",1986,1313,1,1,50,6,3,1,1,0,24207,2,8,12,37,-1,45866,4,3,63,12,NA,NA,37,12,FALSE,1,1,0,11466.5,10.0943971265166,9.34718501970403,NA
"264",2014,2534,1,1,54,2,5,1,1,0,15372.5,3,8,12,42,-1,15372.5,1,3,47,12,NA,NA,42,12,FALSE,1,1,1,15372.5,9.64033547782762,9.64033547782762,NA
"265",1973,1353,1,1,19,2,1,1,NA,NA,NA,3,11,11,55,-1,45866,4,3,27,12,NA,NA,55,11,FALSE,1,1,0,11466.5,NA,9.34718501970403,NA
"266",2006,1075,3,2,66,0,1,3,2,4,NA,NA,-1,0,18,-1,NA,4,1,NA,7,NA,NA,18,0,TRUE,0,0,0,NA,NA,NA,NA
"267",1993,1405,1,2,42,6,2,1,1,0,43230,2,10,10,19,-1,103880,3,2,65,14,NA,5,19,10,TRUE,1,1,0,34626.6666666667,10.6742899776617,10.4523793771086,0
"268",1972,212,1,2,45,1,1,1,NA,NA,NA,3,6,-1,28,-1,24366,2,2,16,10,NA,NA,28,6,TRUE,1,1,0,12183,NA,9.40779681635441,NA
"269",1980,1161,1,2,84,2,4,1,1,0,NA,4,16,14,95,-1,8308,1,4,85,16,NA,NA,95,16,TRUE,1,1,1,8308,NA,9.024974184996,NA
"270",2018,1923,3,2,64,5,3,1,1,0,24970,2,8,8,78,12,37455,3,2,89,16,NA,NA,78,8,TRUE,1,0,0,12485,10.1254303832738,9.43228320271387,NA
"271",2008,942,1,1,77,5,2,1,1,0,8701.875,2,16,8,51,24,17403.75,2,3,51,12,NA,NA,51,16,FALSE,1,1,0,8701.875,9.07129379866355,9.07129379866355,NA
"272",1977,113,1,2,34,4,2,1,1,0,963,2,8,7,18,-1,31299,5,3,49,12,NA,NA,18,8,TRUE,1,1,0,6259.8,6.87005341179813,8.74190351470198,NA
"273",2008,111,1,1,25,3,4,5,1,0,2945.25,4,-1,16,-1,60,146153.66858505,3,4,55,18,NA,NA,60,16,FALSE,0,1,1,48717.88952835,7.98794898212623,10.7938015830619,NA
"274",2006,1571,1,1,64,3,5,1,1,0,7816.875,3,8,12,40,16,38373.75,1,3,94,12,NA,NA,40,12,FALSE,1,1,1,38373.75,8.96404013730317,10.5551289110691,NA
"275",1978,761,1,1,58,1,3,1,1,8,67851,2,8,6,50,-1,143778,2,4,59,13,NA,NA,50,8,FALSE,1,1,0,71889,11.1250694035479,11.1828785417407,NA
"276",1987,727,1,2,61,5,4,3,1,0,NA,4,8,8,80,-1,NA,5,2,29,10,NA,NA,80,8,TRUE,0,1,1,NA,NA,NA,NA
"277",2010,1062,1,1,50,6,3,1,1,0,34965,3,16,16,94,-1,51800,2,3,67,17,NA,NA,94,16,FALSE,1,1,0,25900,10.462102840138,10.1619982476876,NA
"278",1994,1412,1,1,20,5,4,1,1,0,5730,NA,12,12,36,28,34380,6,3,31,12,NA,NA,36,12,FALSE,1,1,1,5730,8.65347080970879,8.65347080970879,NA
"279",1994,2953,1,2,43,4,3,1,1,0,14325,3,12,12,39,18,16235,2,2,69,16,NA,1,39,12,TRUE,1,1,0,8117.5,9.56976154158294,9.001777503977,1
"280",1996,2070,1,2,33,10,3,4,1,0,19938,NA,12,-1,69,-1,102565,3,3,81,15,3,NA,69,12,TRUE,0,1,0,34188.3333333333,9.90038273758265,10.4396397342481,NA
"281",2006,1264,1,2,30,2,3,1,1,0,31267.5,2,12,12,37,22,31267.5,1,4,91,18,NA,NA,37,12,TRUE,1,1,0,31267.5,10.3503344984231,10.3503344984231,NA
"282",2014,1699,1,2,69,11,2,1,1,0,21285,3,4,8,58,-1,47300,1,4,65,14,NA,NA,58,8,TRUE,1,1,0,47300,9.96575787826225,10.76426557448,NA
"283",2008,990,2,1,77,1,6,1,1,0,NA,NA,-1,16,25,85,36146.25,2,NA,62,16,NA,NA,85,16,FALSE,1,0,1,18073.125,NA,9.80218130720634,NA
"284",1974,1181,1,1,52,2,2,0,NA,NA,22206,3,12,10,36,-1,55515,2,4,51,11,NA,NA,36,12,FALSE,0,1,0,27757.5,10.0081178016142,10.2312613529284,NA
"285",2018,256,3,2,80,8,3,1,2,8,NA,2,0,1,18,-1,NA,9,2,NA,1,NA,NA,18,1,TRUE,1,0,0,NA,NA,NA,NA
"286",2016,619,1,2,26,2,3,1,1,8,6435,2,8,12,21,74,25740,3,3,56,14,NA,NA,74,12,TRUE,1,1,0,8580,8.76950712003023,9.05718919248201,NA
"287",1980,1291,1,1,25,3,3,1,1,0,24547,3,12,12,20,-1,35121,2,3,32,12,NA,NA,20,12,FALSE,1,1,0,17560.5,10.108344926163,9.77340734058784,NA
"288",1984,436,1,2,62,3,4,3,1,0,NA,2,-1,0,16,-1,3852,1,2,7,0,NA,NA,16,0,TRUE,0,1,1,3852,NA,8.25634777291802,NA
"289",1998,2279,1,1,67,3,1,1,1,8,NA,NA,8,6,31,14,25837,1,2,91,10,NA,NA,31,8,FALSE,1,1,0,25837,NA,10.1595628520853,NA
"290",1985,711,1,2,25,2,3,2,1,0,NA,3,12,12,50,-1,14515,4,3,61,15,NA,NA,50,12,TRUE,0,1,0,3628.75,NA,8.19664351533884,NA
"291",2000,2308,1,2,31,4,1,3,1,0,10806,NA,10,13,62,55,21612,5,3,27,13,NA,4,62,13,TRUE,0,1,0,4322.4,9.28785681440401,8.37156608252986,0
"292",2014,2069,1,2,61,3,2,1,1,0,10051.25,3,12,12,37,21,10051.25,1,2,29,12,NA,NA,37,12,TRUE,1,1,0,10051.25,9.21545228386236,9.21545228386236,NA
"293",1978,821,1,2,30,5,5,1,1,0,NA,3,12,12,50,-1,20355,5,3,84,12,NA,NA,50,12,TRUE,1,1,1,4071,NA,8.31164394850298,NA
"294",2012,1144,1,2,43,1,1,1,1,0,22050,3,12,14,23,55,49000,4,3,86,16,NA,NA,55,14,TRUE,1,1,0,12250,10.001067880875,9.41328121597287,NA
"295",1985,77,1,2,36,2,5,1,1,0,24543,3,12,9,46,-1,24543,1,4,85,16,NA,NA,46,12,TRUE,1,1,1,24543,10.1081819601818,10.1081819601818,NA
"296",1991,556,1,1,32,2,5,1,1,0,NA,4,16,14,51,-1,9401,1,3,8,16,NA,NA,51,16,FALSE,1,1,1,9401,NA,9.14857134557855,NA
"297",1991,617,1,1,61,3,2,1,1,0,19846,2,6,8,58,-1,19846,2,3,16,8,NA,NA,58,8,FALSE,1,1,0,9923,9.89575775447419,9.20261057391424,NA
"298",2014,95,3,2,40,3,3,1,2,8,NA,4,12,16,11,-1,10051.25,3,1,44,15,NA,NA,11,16,TRUE,1,0,0,3350.41666666667,NA,8.11683999519425,NA
"299",1996,1582,1,2,22,4,1,5,1,0,19938,NA,-1,14,-1,50,48938,4,3,28,14,NA,NA,50,14,TRUE,0,1,0,12234.5,9.90038273758265,9.41201510867474,NA
"300",1996,1140,1,1,43,1,4,1,1,0,39875,NA,-1,12,29,55,39875,6,4,29,13,NA,NA,55,12,FALSE,1,1,1,6645.83333333333,10.5935048400871,8.80174537085909,NA
"301",2010,1757,1,1,52,3,1,1,1,0,NA,2,13,10,39,91,5827.5,1,2,27,12,NA,NA,91,13,FALSE,1,1,0,5827.5,NA,8.67034337090991,NA
"302",1987,977,1,2,42,2,3,1,1,0,11250,5,8,12,61,-1,37500,4,3,29,12,NA,NA,61,12,TRUE,1,1,0,9375,9.32812340763257,9.14580185083861,NA
"303",1973,1226,1,2,22,4,1,1,NA,NA,NA,2,12,8,20,-1,19657,4,3,16,12,NA,NA,20,12,TRUE,1,1,0,4914.25,NA,8.49989442683791,NA
"304",1996,504,2,2,27,0,5,5,1,0,8156,NA,-1,13,-1,46,8156,3,2,20,12,2,NA,46,13,TRUE,0,0,1,2718.66666666667,9.00650913169435,7.90789684302624,NA
"305",2010,152,3,1,34,0,5,1,2,8,NA,2,12,16,64,-1,NA,2,3,91,16,NA,NA,64,16,FALSE,1,0,1,NA,NA,NA,NA
"306",2018,988,1,2,37,2,5,1,1,1,45400,4,11,16,61,61,119879.41732,2,4,78,16,NA,NA,61,16,TRUE,1,1,1,59939.70866,10.7232673840294,11.0010944803316,NA
"307",1994,213,1,1,39,3,5,1,1,0,24830,NA,12,12,49,50,42020,1,4,49,12,NA,NA,50,12,FALSE,1,1,1,42020,10.1198078785022,10.645900974399,NA
"308",2012,303,1,2,62,3,5,1,1,0,NA,3,12,12,29,48,NA,2,3,55,12,NA,NA,48,12,TRUE,1,1,1,NA,NA,NA,NA
"309",1994,2555,1,2,67,5,3,1,1,0,NA,3,6,8,16,-1,8595,2,NA,14,12,NA,NA,16,8,TRUE,1,1,0,4297.5,NA,8.365788737257,NA
"310",1975,1186,2,2,62,6,1,3,NA,NA,4447,2,2,3,53,-1,10005,3,2,88,8,NA,NA,53,3,TRUE,0,0,0,3335,8.3999849905107,8.11222795834972,NA
"311",1977,412,1,2,25,5,NA,1,1,0,12520,2,14,12,54,-1,12520,2,3,52,12,NA,NA,54,14,TRUE,1,1,NA,6260,9.43508264465409,8.74193546409414,NA
"312",1993,1131,1,1,51,1,3,1,1,0,29475,3,14,10,35,-1,43230,3,3,54,12,NA,3,35,14,FALSE,1,1,0,14410,10.2912977254056,9.57567768899357,0
"313",1990,1369,1,2,62,2,3,1,1,0,444,3,6,12,35,-1,4879,2,1,28,12,NA,NA,35,12,TRUE,1,1,0,2439.5,6.09582456243222,7.79954837925589,NA
"314",1983,560,1,1,27,0,1,1,1,0,568,3,12,12,37,-1,NA,5,4,29,12,NA,NA,37,12,FALSE,1,1,0,NA,6.34212141872115,NA,NA
"315",2018,2275,1,2,40,2,1,1,1,0,20430,4,12,12,62,12,72640,2,4,46,15,NA,NA,62,12,TRUE,1,1,0,36320,9.92475968781167,10.5001238327152,NA
"316",2010,1085,1,2,55,6,1,1,1,0,9712.5,1,8,11,18,50,9712.5,1,1,11,8,NA,NA,50,11,TRUE,1,1,0,9712.5,9.1811689946759,9.1811689946759,NA
"317",1991,952,1,2,52,3,1,1,1,0,13579,3,6,12,12,-1,NA,2,2,48,12,NA,NA,12,12,TRUE,1,1,0,NA,9.5162797606988,NA,NA
"318",1972,1410,1,2,55,5,2,1,NA,NA,NA,3,5,8,58,-1,30458,4,3,22,8,NA,NA,58,8,TRUE,1,1,0,7614.5,NA,8.93780960329175,NA
"319",1982,529,1,2,63,6,1,1,1,0,603,1,8,8,55,-1,25619,2,3,14,10,NA,NA,55,8,TRUE,1,1,0,12809.5,6.40191719672719,9.45794236212277,NA
"320",1972,858,2,1,34,4,6,1,NA,NA,NA,3,12,12,78,-1,NA,6,3,50,12,NA,NA,78,12,FALSE,1,0,1,NA,NA,NA,NA
"321",1994,1056,1,1,65,5,6,1,1,8,NA,NA,12,12,17,15,NA,3,3,97,20,NA,NA,17,12,FALSE,1,1,1,NA,NA,NA,NA
"322",2004,175,1,2,26,5,4,1,1,0,6792.75,3,12,12,33,55,22642.5,4,1,68,19,NA,NA,55,12,TRUE,1,1,1,5660.625,8.82361114592317,8.64128958912921,NA
"323",1986,1015,1,1,59,7,3,1,1,1,28029,3,8,8,42,-1,28029,2,3,40,12,NA,NA,42,8,FALSE,1,1,0,14014.5,10.2409949674611,9.54784778690112,NA
"324",2012,758,2,1,20,2,5,3,1,2,NA,2,16,14,65,29,22050,2,1,NA,14,NA,NA,65,16,FALSE,0,0,1,11025,NA,9.30792070031505,NA
"325",2016,1859,1,2,71,4,3,3,1,0,17550,2,9,12,33,63,21060,1,3,90,20,NA,NA,63,12,TRUE,0,1,0,21060,9.77280922889401,9.95513078568797,NA
"326",1994,1361,1,2,64,1,6,1,1,0,8595,NA,12,12,39,48,99956,2,4,18,18,NA,2,48,12,TRUE,1,1,1,49978,9.05893591781695,10.8193381875819,1
"327",1994,2720,1,2,43,2,3,1,1,0,NA,3,11,9,54,22,34380,4,3,10,11,NA,5,54,11,TRUE,1,1,0,8595,NA,9.05893591781695,0
"328",2006,2640,1,2,74,4,2,1,1,0,NA,2,10,12,58,26,25582.5,2,3,29,12,NA,NA,58,12,TRUE,1,1,0,12791.25,NA,9.45651662240097,NA
"329",1996,2080,1,2,46,4,6,5,1,0,8156,NA,-1,12,-1,49,8156,1,1,48,8,NA,NA,49,12,TRUE,0,1,1,8156,9.00650913169435,9.00650913169435,NA
"330",1987,1196,1,2,24,3,3,1,1,0,4500,4,13,12,39,-1,23750,5,3,16,12,NA,NA,39,13,TRUE,1,1,0,4750,8.41183267575841,8.46589989702869,NA
"331",1989,539,1,2,18,1,4,1,1,2,464,3,13,14,54,-1,51023,4,3,74,11,NA,NA,54,14,TRUE,1,1,1,12755.75,6.13988455222626,9.45373742931764,NA
"332",2010,1951,1,1,65,2,2,1,1,0,NA,3,5,-1,45,22,14245,2,3,50,12,NA,NA,45,5,FALSE,1,1,0,7122.5,NA,8.87101406637206,NA
"333",1994,963,1,2,47,1,4,1,1,0,17954,NA,12,-1,94,-1,99956,2,3,62,14,NA,NA,94,12,TRUE,1,1,1,49978,9.79556821031663,10.8193381875819,NA
"334",1984,1047,1,2,43,2,3,1,1,0,2201,2,12,12,58,-1,33016,6,4,32,12,NA,NA,58,12,TRUE,1,1,0,5502.66666666667,7.69666708152646,8.61298810220436,NA
"335",1978,1213,1,1,78,2,3,1,1,0,NA,3,-1,12,46,-1,13570,1,3,95,19,NA,NA,46,12,FALSE,1,1,0,13570,NA,9.51561675282892,NA
"336",1994,9,2,2,41,2,3,5,2,8,14325,NA,-1,11,-1,14,21010,5,2,50,12,NA,NA,14,11,TRUE,0,0,0,4202,9.56976154158294,8.34331588140495,NA
"337",2014,319,3,2,31,1,6,1,2,8,4257,3,11,12,16,28,5321.25,1,3,16,10,NA,NA,28,12,TRUE,1,0,1,5321.25,8.35631996582815,8.57946351714236,NA
"338",1975,1280,1,2,19,0,5,1,NA,NA,NA,3,6,12,94,-1,NA,3,3,NA,11,NA,NA,94,12,TRUE,1,1,1,NA,NA,NA,NA
"339",1996,467,1,2,43,3,4,1,1,1,4713,NA,16,12,91,55,23563,4,3,55,14,NA,NA,91,16,TRUE,1,1,1,5890.75,8.45807992692373,8.68113860300448,NA
"340",1974,741,1,1,65,5,2,1,NA,NA,30841,3,10,8,58,-1,30841,2,3,NA,12,NA,NA,58,10,FALSE,1,1,0,15420.5,10.3366002525731,9.64345307201316,NA
"341",1976,1245,1,2,56,0,2,1,NA,NA,4074,3,14,3,80,-1,7130,3,2,85,16,NA,NA,80,14,TRUE,1,1,0,2376.66666666667,8.31238059678675,7.77345422474023,NA
"342",1991,1292,2,2,41,6,2,1,1,0,9401,5,-1,7,18,-1,9401,3,2,18,12,NA,NA,18,7,TRUE,1,0,0,3133.66666666667,9.14857134557855,8.04995905691044,NA
"343",1998,811,1,2,52,2,5,1,1,0,37895,NA,16,12,73,-1,37895,2,4,91,17,NA,NA,73,16,TRUE,1,1,1,18947.5,10.5425744562461,9.84942727568618,NA
"344",1975,1075,1,1,22,2,2,1,NA,NA,27793,2,7,12,43,-1,38910,3,3,31,12,NA,NA,43,12,FALSE,1,1,0,12970,10.232539469411,9.47039427731049,NA
"345",1985,1443,1,2,31,5,3,1,1,0,NA,2,16,16,39,-1,31668,4,4,35,16,NA,NA,39,16,TRUE,1,1,0,7917,NA,8.97676762517143,NA
"346",1985,799,1,1,60,0,3,1,1,2,NA,3,12,8,62,-1,24543,3,3,91,16,NA,NA,62,12,FALSE,1,1,0,8181,NA,9.0095696715137,NA
"347",1972,849,1,1,29,2,5,1,NA,NA,NA,4,18,16,91,-1,37226,4,4,62,16,NA,NA,91,18,FALSE,1,1,1,9306.5,NA,9.13846835973839,NA
"348",1985,414,1,2,48,4,3,1,1,0,9500,3,12,12,49,-1,9500,1,3,12,12,NA,NA,49,12,TRUE,1,1,0,9500,9.15904707758863,9.15904707758863,NA
"349",1977,1417,1,2,21,3,2,1,1,0,NA,3,8,8,29,-1,6741,3,2,NA,10,NA,NA,29,8,TRUE,1,1,0,2247,NA,7.71735127218533,NA
"350",1974,599,1,2,25,1,1,1,NA,NA,NA,3,12,12,62,-1,22206,4,3,48,12,NA,NA,62,12,TRUE,1,1,0,5551.5,NA,8.62182344049432,NA
"351",2004,2766,2,2,47,2,1,1,1,0,5434.2,3,6,6,29,-1,49813.5,4,NA,15,13,NA,NA,29,6,TRUE,1,0,0,12453.375,8.60046759460896,9.42974694949348,NA
"352",1991,1200,1,2,59,1,3,1,1,0,4596,3,12,14,46,-1,13579,1,4,18,13,NA,NA,46,14,TRUE,1,1,0,13579,8.43294163896865,9.5162797606988,NA
"353",1973,547,1,1,21,4,5,1,NA,NA,NA,4,12,-1,91,-1,32761,1,3,38,12,NA,NA,91,12,FALSE,1,1,1,32761,NA,10.3969940625317,NA
"354",2006,2320,1,2,36,4,3,1,1,0,9238.125,3,12,10,26,16,25582.5,7,2,68,13,NA,NA,26,12,TRUE,1,1,0,3654.64285714286,9.13109422196634,8.2037536539056,NA
"355",2000,1482,1,1,22,5,6,2,1,0,NA,NA,11,9,35,18,NA,4,1,NA,12,NA,NA,35,11,FALSE,0,1,1,NA,NA,NA,NA
"356",2010,287,3,1,20,3,6,1,1,8,4662,2,14,16,11,18,16835,6,2,85,13,NA,NA,18,16,FALSE,1,0,1,2805.83333333333,8.4471998195957,7.93945586236712,NA
"357",1975,1291,1,1,27,9,5,1,NA,NA,NA,4,12,12,75,-1,38910,2,2,91,16,NA,NA,75,12,FALSE,1,1,1,19455,NA,9.87585938541865,NA
"358",1983,569,1,1,37,1,3,1,1,0,48277,4,16,12,29,-1,48277,4,4,83,16,NA,NA,29,16,FALSE,1,1,0,12069.25,10.7847105357498,9.39841617462989,NA
"359",1975,1421,1,2,18,7,3,1,NA,NA,1112,3,12,10,49,-1,27793,7,3,7,10,NA,NA,49,12,TRUE,1,1,0,3970.42857142857,7.01391547481053,8.28662932035568,NA
"360",2010,135,1,1,42,6,1,1,2,8,NA,1,0,0,58,-1,28490,2,3,62,3,NA,NA,58,0,FALSE,1,1,0,14245,NA,9.56416124693201,NA
"361",2004,880,1,2,30,1,5,1,1,0,NA,4,12,18,49,91,3924.7,3,2,16,10,NA,NA,91,18,TRUE,1,1,1,1308.23333333333,NA,7.17643290550622,NA
"362",1972,5,1,2,61,2,3,1,NA,NA,NA,2,8,8,37,-1,50763,2,4,21,12,NA,NA,37,8,TRUE,1,1,0,25381.5,NA,10.1417758411768,NA
"363",2004,2322,1,1,40,2,3,1,1,0,33209,3,14,12,29,73,33209,3,3,26,12,NA,NA,73,14,FALSE,1,1,0,11069.6666666667,10.4105762025052,9.3119639138371,NA
"364",1989,570,1,2,64,2,4,3,1,0,6030,3,-1,5,42,-1,22032,2,3,18,12,NA,NA,42,5,TRUE,0,1,1,11016,8.70450228972123,9.30710404040849,NA
"365",1973,727,1,2,61,9,3,4,NA,NA,NA,3,8,-1,49,-1,19657,2,2,NA,12,NA,NA,49,8,TRUE,0,1,0,9828.5,NA,9.19304160739785,NA
"366",1998,714,1,1,54,1,3,1,1,0,46507,NA,8,13,29,-1,68900,2,4,51,17,NA,NA,29,13,FALSE,1,1,0,34450,10.7473581178802,10.4472642764418,NA
"367",1986,652,1,1,26,4,1,1,1,0,3567,3,12,12,75,-1,6625,2,2,51,12,NA,NA,75,12,FALSE,1,1,0,3312.5,8.17948018535889,8.10545847029448,NA
"368",1994,221,1,2,54,1,5,1,1,0,382,NA,14,13,81,48,34380,2,3,66,13,NA,2,81,14,TRUE,1,1,1,17190,5.94542060860658,9.75208309837689,1
"369",1998,2131,2,2,45,7,1,1,1,0,31005,NA,7,11,36,51,NA,6,3,NA,16,NA,NA,51,11,TRUE,1,0,0,NA,10.341903760784,NA,NA
"370",1996,2613,1,2,50,8,3,1,1,0,17038,NA,11,11,14,-1,32625,2,3,62,12,1,NA,14,11,TRUE,1,1,0,16312.5,9.74320142260279,9.69968696406505,NA
"371",2014,1580,1,2,57,2,3,1,1,0,NA,2,8,9,50,-1,NA,2,3,11,12,NA,NA,50,9,TRUE,1,1,0,NA,NA,NA,NA
"372",2016,1223,1,1,87,3,3,1,1,0,NA,2,8,8,90,-1,65520,2,3,90,16,NA,NA,90,8,FALSE,1,1,0,32760,NA,10.396963537967,NA
"373",1975,354,1,1,65,3,3,1,NA,NA,NA,3,0,0,24,-1,10005,2,4,26,8,NA,NA,24,0,FALSE,1,1,0,5002.5,NA,8.51769306645789,NA
"374",2016,1901,1,2,38,2,1,1,1,0,7605,4,16,20,65,94,9945,4,1,17,14,NA,NA,94,20,TRUE,1,1,0,2486.25,8.93656120469339,7.81853083016818,NA
"375",1984,139,1,2,38,6,5,1,1,0,23386,2,12,10,11,-1,92858,4,3,12,13,NA,NA,11,12,TRUE,1,1,1,23214.5,10.0598928317003,10.0525323624232,NA
"376",1975,357,1,1,52,5,1,1,NA,NA,NA,3,8,8,28,-1,4447,3,4,29,12,NA,NA,28,8,FALSE,1,1,0,1482.33333333333,NA,7.30137270184259,NA
"377",1973,973,2,1,28,2,6,1,NA,NA,NA,2,7,5,32,-1,32761,5,3,78,13,NA,NA,32,7,FALSE,1,0,1,6552.2,NA,8.78755615009755,NA
"378",1984,800,1,1,68,7,1,1,1,0,NA,3,11,12,58,-1,8254,2,3,58,11,NA,NA,58,12,FALSE,1,1,0,4127,NA,8.32530602975258,NA
"379",2004,2702,1,2,50,3,3,5,1,0,8302.25,2,-1,9,-1,24,8302.25,1,NA,23,15,NA,NA,24,9,TRUE,0,1,0,8302.25,9.02428184138532,9.02428184138532,NA
"380",1998,1255,1,2,27,1,3,1,1,0,4478,NA,14,12,42,16,11196,3,3,84,14,NA,NA,42,14,TRUE,1,1,0,3732,8.4069317971587,8.22469956196723,NA
"381",2006,1567,1,1,80,3,5,1,1,0,NA,2,12,11,62,-1,38373.75,2,4,94,16,NA,NA,62,12,FALSE,1,1,1,19186.875,NA,9.86198173050913,NA
"382",2002,902,1,2,46,7,5,3,1,0,1251.4,3,14,10,29,29,2815.65,4,3,24,14,NA,NA,29,14,TRUE,0,1,1,703.9125,7.13201820356426,6.5566540586607,NA
"383",1985,1102,1,2,36,5,1,1,1,0,NA,4,8,12,35,-1,31668,7,3,55,11,NA,NA,35,12,TRUE,1,1,0,4524,NA,8.41715183723601,NA
"384",1973,635,1,1,89,5,6,1,NA,NA,NA,3,12,8,39,-1,9173,2,3,46,12,NA,NA,39,12,FALSE,1,1,1,4586.5,NA,8.43087248494971,NA
"385",2018,1411,2,2,84,6,2,1,1,0,NA,2,3,2,38,-1,20430,2,3,26,12,NA,NA,38,3,TRUE,1,0,0,10215,NA,9.23161250725172,NA
"386",1985,32,1,2,32,5,6,1,1,0,31668,2,11,12,18,-1,99257,2,4,55,16,NA,NA,18,12,TRUE,1,1,1,49628.5,10.3630619862913,10.8123205444697,NA
"387",2018,1426,1,2,21,5,3,7,1,0,2497,3,-1,12,-1,39,NA,7,3,18,15,NA,NA,39,12,TRUE,0,1,0,NA,7.82284529027977,NA,NA
"388",2018,1362,1,1,22,2,5,1,1,0,NA,4,16,19,91,89,NA,4,4,NA,15,NA,NA,91,19,FALSE,1,1,1,NA,NA,NA,NA
"389",2016,1029,1,2,50,1,4,1,1,0,NA,3,16,8,-1,15,936,3,1,16,16,NA,NA,15,16,TRUE,1,1,1,312,NA,5.74300318780948,NA
"390",2018,1589,1,1,85,6,4,1,1,0,NA,2,8,-1,86,-1,54480,1,4,51,14,NA,NA,86,8,FALSE,1,1,1,54480,NA,10.9055889408234,NA
"391",1986,1361,1,1,51,2,5,1,1,0,101376,4,16,16,39,-1,102084,2,1,80,16,NA,NA,39,16,FALSE,1,1,1,51042,11.526591655734,10.8404041022039,NA
"392",1972,1443,1,1,26,3,4,1,NA,NA,NA,3,12,12,26,-1,37226,2,3,94,16,NA,NA,26,12,FALSE,1,1,1,18613,NA,9.83161554029833,NA
"393",2006,2966,1,2,21,8,1,1,2,8,NA,3,2,6,58,-1,13501.875,2,3,NA,6,NA,NA,58,6,TRUE,1,1,0,6750.9375,NA,8.8174366631113,NA
"394",1996,2835,1,1,65,31,3,1,1,0,NA,NA,8,12,46,44,NA,2,3,40,12,NA,NA,46,12,FALSE,1,1,0,NA,NA,NA,NA
"395",2006,2261,1,1,54,0,5,1,1,0,NA,3,14,8,85,18,NA,1,3,59,16,NA,NA,85,14,FALSE,1,1,1,NA,NA,NA,NA
"396",1993,1326,1,2,22,3,3,3,1,0,NA,2,-1,11,50,-1,393,2,2,NA,12,NA,3,50,11,TRUE,0,1,0,196.5,NA,5.28066243130932,0
"397",1994,16,1,2,25,2,1,1,1,0,NA,NA,16,18,94,91,21010,2,4,46,16,NA,1,94,18,TRUE,1,1,0,10505,NA,9.2596066132791,1
"398",1990,331,1,1,35,3,2,1,1,0,33266,4,14,12,58,-1,99988,4,4,61,15,NA,NA,58,14,FALSE,1,1,0,24997,10.4122911333505,10.1265110966498,NA
"399",1996,2765,1,2,70,2,5,1,1,0,NA,NA,14,16,65,-1,NA,2,3,NA,16,3,NA,65,16,TRUE,1,1,1,NA,NA,NA,NA
"400",1989,614,1,1,72,6,2,4,1,0,4175,2,8,-1,58,-1,12756,2,2,49,10,NA,NA,58,8,FALSE,0,1,0,6378,8.33686963728496,8.76060984757,NA
"401",1986,343,1,2,22,1,5,1,1,0,7644,4,16,16,90,-1,11466,1,2,55,12,NA,NA,90,16,TRUE,1,1,1,11466,8.94167630536016,9.34714141346833,NA
"402",1994,1055,1,1,34,5,1,1,1,0,34380,NA,12,12,55,55,34380,1,4,56,16,NA,3,55,12,FALSE,1,1,0,34380,10.4452302789368,10.4452302789368,0
"403",1994,2609,2,1,56,3,1,1,1,0,NA,NA,0,0,15,16,NA,3,5,12,13,NA,3,16,0,FALSE,1,0,0,NA,NA,NA,0
"404",1980,1070,1,1,65,0,2,1,1,0,NA,4,8,8,49,-1,13595,2,2,29,12,NA,NA,49,8,FALSE,1,1,0,6797.5,NA,8.82431017650662,NA
"405",2006,506,2,1,36,2,5,1,1,0,56850,2,12,12,63,50,56850,3,2,85,14,NA,NA,63,12,FALSE,1,0,1,18950,10.9481714991787,9.84955921051057,NA
"406",1989,369,1,1,82,6,1,1,1,NA,NA,1,0,0,37,-1,88133,5,4,29,11,NA,NA,37,0,FALSE,1,1,0,17626.6,NA,9.77716440370205,NA
"407",2002,1480,1,1,51,2,6,1,1,0,NA,NA,14,16,78,68,28156.5,2,NA,52,14,NA,NA,78,16,FALSE,1,1,1,14078.25,NA,9.55238633221469,NA
"408",1988,323,1,2,32,2,5,1,1,0,8685,3,12,13,90,-1,43426,3,3,87,18,NA,NA,90,13,TRUE,1,1,1,14475.3333333333,9.06935267867521,9.58020133038561,NA
"409",1996,1762,2,2,23,9,4,1,1,0,27188,NA,11,11,29,46,27188,2,3,84,14,2,NA,46,11,TRUE,1,0,1,13594,10.2105309784665,9.51738379790658,NA
"410",1991,730,1,1,68,2,4,1,1,1,NA,2,10,12,39,-1,90265,2,4,80,16,NA,NA,39,12,FALSE,1,1,1,45132.5,NA,10.7173578868108,NA
"411",2014,281,1,2,61,5,3,1,2,8,NA,4,16,12,85,-1,NA,4,1,12,10,NA,NA,85,16,TRUE,1,1,0,NA,NA,NA,NA
"412",2010,1932,2,1,60,6,6,1,1,0,5827.5,2,8,12,37,-1,5827.5,1,3,84,16,NA,NA,37,12,FALSE,1,0,1,5827.5,8.67034337090991,8.67034337090991,NA
"413",1996,1745,1,1,51,3,5,1,1,0,39875,NA,8,14,62,-1,39875,1,4,55,13,3,NA,62,14,FALSE,1,1,1,39875,10.5935048400871,10.5935048400871,NA
"414",1973,107,1,1,40,0,6,1,NA,NA,NA,3,16,8,62,-1,58970,4,4,55,16,NA,NA,62,16,FALSE,1,1,1,14742.5,NA,9.59848975787466,NA
"415",1994,756,1,1,36,2,3,1,1,0,16235,NA,13,12,64,-1,16235,3,2,44,16,NA,NA,64,13,FALSE,1,1,0,5411.66666666667,9.69492468453695,8.59631239586884,NA
"416",1980,929,1,2,37,9,6,1,1,2,13595,3,10,16,44,-1,13595,4,2,55,12,NA,NA,44,16,TRUE,1,1,1,3398.75,9.51745735706657,8.13116299594668,NA
"417",2008,815,1,2,25,1,3,1,1,0,29452.5,3,14,16,42,87,29452.5,1,4,85,16,NA,NA,87,16,TRUE,1,1,0,29452.5,10.2905340751203,10.2905340751203,NA
"418",2018,916,1,2,32,2,5,1,1,0,12485,2,12,12,28,29,30645,3,2,54,14,NA,NA,29,12,TRUE,1,1,1,10215,9.43228320271387,9.23161250725172,NA
"419",2000,578,3,2,41,5,3,1,1,0,18287,NA,8,12,29,28,29925,3,1,55,14,NA,2,29,12,TRUE,1,0,0,9975,9.81394570387463,9.20783724175806,1
"420",1972,1455,1,1,30,1,6,1,NA,NA,NA,4,16,16,72,-1,60915,3,4,91,13,NA,NA,72,16,FALSE,1,1,1,20305,NA,9.9186224401204,NA
"421",1986,696,1,1,56,11,2,1,1,0,NA,3,0,3,58,-1,14015,5,2,46,14,NA,NA,58,3,FALSE,1,1,0,2803,NA,7.93844555116479,NA
"422",2008,1144,2,1,37,5,3,8,1,0,12718.125,3,3,5,44,14,12718.125,2,1,64,10,NA,NA,44,5,FALSE,0,0,0,6359.0625,9.45078342036845,8.75763623980851,NA
"423",2018,194,3,2,36,1,3,1,1,0,24970,3,12,13,63,34,45400,3,4,54,16,NA,NA,63,13,TRUE,1,0,0,15133.3333333333,10.1254303832738,9.62465509536133,NA
"424",1982,437,1,1,25,3,5,1,1,0,25619,3,12,12,62,-1,28030,3,3,28,12,NA,NA,62,12,FALSE,1,1,1,9343.33333333333,10.1510895426827,9.14241835549072,NA
"425",1998,1319,1,1,54,1,2,1,1,0,NA,NA,7,12,29,-1,7751,1,1,63,17,NA,NA,29,12,FALSE,1,1,0,7751,NA,8.95557714628151,NA
"426",1980,1353,2,2,34,0,3,1,1,0,35121,4,12,16,54,-1,128141,4,NA,68,18,NA,NA,54,16,TRUE,1,0,0,32035.25,10.4665545211478,10.3745921380071,NA
"427",2002,1727,1,1,22,1,5,1,1,0,1251.4,3,16,12,90,-1,1251.4,2,1,16,15,NA,NA,90,16,FALSE,1,1,1,625.7,7.13201820356426,6.43887102300432,NA
"428",1983,453,1,1,45,2,5,1,1,0,48277,3,12,12,29,-1,48277,5,4,80,18,NA,NA,29,12,FALSE,1,1,1,9655.4,10.7847105357498,9.17527262331568,NA
"429",1976,530,1,1,34,2,5,1,NA,NA,13242,3,8,12,29,-1,13242,3,2,17,12,NA,NA,29,12,FALSE,1,1,1,4414,9.49114887548479,8.39253658681668,NA
"430",1994,1611,1,2,41,4,6,1,1,8,10505,4,13,12,91,-1,10505,2,3,29,16,NA,1,91,13,TRUE,1,1,1,5252.5,9.2596066132791,8.56645943271915,1
"431",1994,620,1,1,57,1,2,1,1,0,51570,3,14,12,58,23,99956,1,3,24,14,NA,NA,58,14,FALSE,1,1,0,99956,10.850695387045,11.5124853681418,NA
"432",1993,671,1,2,79,6,2,1,1,0,NA,4,5,5,58,-1,10808,1,NA,18,7,NA,NA,58,5,TRUE,1,1,0,10808,NA,9.28804187964004,NA
"433",2018,641,1,1,53,1,3,1,1,0,20430,3,18,12,80,38,45400,3,4,94,16,NA,NA,80,18,FALSE,1,1,0,15133.3333333333,9.92475968781167,9.62465509536133,NA
"434",2006,180,1,1,58,1,5,1,1,0,68220,3,12,12,34,-1,144502.71714,2,3,59,14,NA,NA,34,12,FALSE,1,1,1,72251.35857,11.1304930559726,11.1879064095349,NA
"435",1991,1330,1,1,43,2,6,3,1,0,13579,3,14,11,46,-1,13579,1,2,85,14,NA,NA,46,14,FALSE,0,1,1,13579,9.5162797606988,9.5162797606988,NA
"436",2008,48,1,2,39,1,4,1,1,0,12718.125,3,18,18,90,50,146153.66858505,4,4,58,16,NA,NA,90,18,TRUE,1,1,1,36538.4171462625,9.45078342036845,10.5061195106101,NA
"437",2004,2093,1,1,74,0,1,1,1,0,NA,2,4,14,18,85,22642.5,3,2,42,12,NA,NA,85,14,FALSE,1,1,0,7547.5,NA,8.92897166158099,NA
"438",1975,417,1,2,68,1,3,1,NA,NA,NA,3,8,8,18,-1,NA,2,3,18,13,NA,NA,18,8,TRUE,1,1,0,NA,NA,NA,NA
"439",1991,1433,1,2,21,2,4,3,1,0,418,3,18,12,94,-1,1671,2,3,94,13,NA,NA,94,18,TRUE,0,1,1,835.5,6.03548143252476,6.72803034803545,NA
"440",1986,356,1,1,45,2,6,1,1,8,3567,2,19,19,18,-1,7644,1,4,82,16,NA,NA,18,19,FALSE,1,1,1,7644,8.17948018535889,8.94167630536016,NA
"441",1994,2389,3,1,41,11,6,1,2,8,34380,NA,12,5,85,-1,34380,4,4,94,16,NA,NA,85,12,FALSE,1,0,1,8595,10.4452302789368,9.05893591781695,NA
"442",1975,1177,1,2,28,9,6,1,NA,NA,16676,2,9,3,29,-1,38910,3,3,29,10,NA,NA,29,9,TRUE,1,1,1,12970,9.72172583900069,9.47039427731049,NA
"443",2002,1699,1,2,39,11,3,5,2,8,8603.375,2,-1,0,-1,14,20335.25,4,NA,14,6,NA,NA,14,0,TRUE,0,1,0,5083.8125,9.0599098471169,8.53381675122012,NA
"444",1996,2005,1,2,27,6,4,3,1,0,19938,NA,12,18,59,36,39875,3,4,12,16,2,NA,59,18,TRUE,0,1,1,13291.6666666667,9.90038273758265,9.49489255141904,NA
"445",1978,1128,1,2,57,2,6,1,1,0,16284,4,12,12,94,-1,16284,1,2,57,11,NA,NA,94,12,TRUE,1,1,1,16284,9.69793830962287,9.69793830962287,NA
"446",2014,91,1,1,45,4,5,5,1,0,56760,3,-1,12,-1,55,66220,1,4,87,15,NA,NA,55,12,FALSE,0,1,1,66220,10.946587131274,11.1007378111012,NA
"447",2018,1081,1,1,42,5,6,1,1,0,14755,3,7,12,50,16,54480,4,3,37,12,NA,NA,50,12,FALSE,1,1,1,13620,9.59933728737704,9.5192945797035,NA
"448",1974,642,1,1,32,2,2,1,NA,NA,30841,3,8,6,62,-1,30841,5,4,59,13,NA,NA,62,8,FALSE,1,1,0,6168.2,10.3366002525731,8.727162340139,NA
"449",1973,543,1,2,36,4,3,1,NA,NA,NA,3,11,12,62,-1,93210,4,3,87,15,NA,NA,62,12,TRUE,1,1,0,23302.5,NA,10.0563159299353,NA
"450",1976,1366,1,1,21,3,1,1,NA,NA,18335,3,12,11,16,-1,NA,7,2,78,12,NA,NA,16,12,FALSE,1,1,0,NA,9.81656708050543,NA,NA
"451",1984,36,1,2,60,2,4,1,1,0,NA,3,8,8,69,-1,NA,2,3,24,12,NA,NA,69,8,TRUE,1,1,1,NA,NA,NA,NA
"452",1988,1278,2,1,23,8,3,1,1,0,NA,2,5,12,19,-1,31364,3,3,53,11,NA,NA,19,12,FALSE,1,0,0,10454.6666666667,NA,9.2548037286827,NA
"453",1998,674,1,2,40,5,2,1,1,0,16363,NA,12,8,29,24,22392,5,4,55,12,NA,NA,29,12,TRUE,1,1,0,4478.4,9.7027779674289,8.40702111876119,NA
"454",2002,2565,1,1,56,1,5,1,1,0,42234.75,3,9,12,43,-1,42234.75,2,NA,91,15,NA,NA,43,12,FALSE,1,1,1,21117.375,10.6509986208828,9.95785144032286,NA
"455",2016,214,1,2,45,1,5,1,1,0,NA,4,18,12,90,47,131676.6906,4,4,56,16,NA,NA,90,18,TRUE,1,1,1,32919.17265,NA,10.4018105223367,NA
"456",2006,2253,1,2,47,3,3,1,1,0,25582.5,2,12,16,58,68,25582.5,1,3,64,15,NA,NA,68,16,TRUE,1,1,0,25582.5,10.1496638029609,10.1496638029609,NA
"457",1993,1045,1,1,30,3,4,1,1,0,10808,3,12,12,54,-1,35370,4,3,29,11,NA,1,54,12,FALSE,1,1,1,8842.5,9.28804187964004,9.08732492107964,1
"458",2016,861,3,2,20,0,3,1,2,8,NA,3,14,12,73,-1,9945,3,3,NA,13,NA,NA,73,14,TRUE,1,0,0,3315,NA,8.10621290261996,NA
"459",1988,1193,1,1,83,2,2,1,1,0,NA,1,16,8,58,-1,20507,2,3,94,12,NA,NA,58,16,FALSE,1,1,0,10253.5,NA,9.23537438969582,NA
"460",1974,106,1,1,27,1,5,1,NA,NA,NA,3,10,12,81,-1,22206,1,3,76,14,NA,NA,81,12,FALSE,1,1,1,22206,NA,10.0081178016142,NA
"461",2016,536,1,2,76,0,6,1,1,0,NA,NA,12,12,91,83,46800,1,4,73,17,NA,NA,91,12,TRUE,1,1,1,46800,NA,10.7536384819057,NA
"462",1990,927,1,1,36,1,6,1,1,0,103206,2,12,13,33,-1,99988,4,4,42,17,NA,NA,33,13,FALSE,1,1,1,24997,11.5444822698744,10.1265110966498,NA
"463",1998,1685,1,2,40,3,5,1,1,0,NA,NA,8,8,26,5,31005,6,3,NA,13,NA,NA,26,8,TRUE,1,1,1,5167.5,NA,8.55014429155592,NA
"464",2010,206,2,2,60,8,6,1,1,0,23310,2,13,12,84,5,42735,7,2,88,13,NA,NA,84,13,TRUE,1,0,1,6105,10.0566377320298,8.71686338654481,NA
"465",1982,817,3,1,24,1,5,1,1,0,NA,4,20,12,94,-1,603,3,4,NA,18,NA,NA,94,20,FALSE,1,0,1,201,NA,5.30330490805908,NA
"466",1994,1172,1,2,35,3,5,1,1,0,34380,NA,18,16,80,92,99956,4,4,62,16,NA,2,92,18,TRUE,1,1,1,24989,10.4452302789368,10.1261910070219,1
"467",1996,2344,1,1,23,2,4,1,1,0,3988,NA,16,14,65,55,8156,1,2,94,16,3,NA,65,16,FALSE,1,1,1,8156,8.29104513108173,9.00650913169435,NA
"468",2018,1182,1,1,37,0,6,1,1,0,12485,2,11,12,18,29,12485,1,2,16,13,NA,NA,29,12,FALSE,1,1,1,12485,9.43228320271387,9.43228320271387,NA
"469",1985,1377,1,2,30,5,3,1,1,0,9500,3,8,12,62,-1,22432,4,3,29,12,NA,NA,62,12,TRUE,1,1,0,5608,9.15904707758863,8.63194942871443,NA
"470",2000,854,2,2,46,3,3,1,1,0,29925,NA,12,16,42,-1,66500,3,4,85,16,NA,3,42,16,TRUE,1,0,0,22166.6666666667,10.3064495304262,10.0063449379758,0
"471",2010,516,1,2,49,NA,5,1,1,0,NA,3,12,12,39,-1,NA,1,3,NA,19,NA,NA,39,12,TRUE,1,1,1,NA,NA,NA,NA
"472",1975,1162,1,1,46,2,1,1,NA,NA,27793,1,8,8,58,-1,27793,6,3,29,8,NA,NA,58,8,FALSE,1,1,0,4632.16666666667,10.232539469411,8.44078000018294,NA
"473",1975,1171,1,2,30,2,3,1,NA,NA,NA,3,12,12,68,-1,27793,6,3,NA,11,NA,NA,68,12,TRUE,1,1,0,4632.16666666667,NA,8.44078000018294,NA
"474",2000,2806,1,2,35,4,2,3,1,0,7481,NA,-1,12,58,-1,18287,6,3,16,12,NA,NA,58,12,TRUE,0,1,0,3047.83333333333,8.9201217518724,8.02218623464658,NA
"475",1994,2990,1,2,60,2,3,5,1,0,10505,NA,-1,4,-1,39,10505,1,3,12,12,NA,1,39,4,TRUE,0,1,0,10505,9.2596066132791,9.2596066132791,1
"476",2006,1258,1,1,89,11,3,1,1,0,NA,2,8,8,49,-1,18476.25,1,1,12,12,NA,NA,49,8,FALSE,1,1,0,18476.25,NA,9.82424140252628,NA
"477",1989,29,3,2,30,8,6,3,1,8,NA,3,12,-1,46,-1,17394,7,2,18,10,NA,NA,46,12,TRUE,0,0,1,2484.85714285714,NA,7.8179704490944,NA
"478",2010,447,1,1,33,1,6,1,1,0,51800,4,20,12,91,55,51800,2,4,21,16,NA,NA,91,20,FALSE,1,1,1,25900,10.8551454282476,10.1619982476876,NA
"479",2014,879,2,2,56,10,6,1,1,0,26015,4,12,12,29,44,26015,3,3,62,16,NA,NA,44,12,TRUE,1,0,1,8671.66666666667,10.1664285737244,9.06781628505629,NA
"480",1987,624,1,2,68,2,2,1,1,0,NA,2,4,8,58,-1,9000,1,3,16,12,NA,NA,58,8,TRUE,1,1,0,9000,NA,9.10497985631836,NA
"481",1984,1335,1,2,34,0,3,1,1,0,20635,3,12,12,38,-1,23386,1,3,64,20,NA,NA,38,12,TRUE,1,1,0,23386,9.93474394218668,10.0598928317003,NA
"482",2004,2778,1,1,71,8,4,5,1,0,NA,2,-1,12,-1,22,5434.2,1,NA,28,12,NA,NA,22,12,FALSE,0,1,1,5434.2,NA,8.60046759460896,NA
"483",2018,634,2,2,27,2,3,1,1,0,17025,4,14,14,49,26,17025,2,3,28,15,NA,NA,49,14,TRUE,1,0,0,8512.5,9.74243813101771,9.04929095045777,NA
"484",1998,421,1,2,27,1,4,1,1,0,25837,NA,12,14,26,29,56842,3,3,28,12,NA,NA,29,14,TRUE,1,1,1,18947.3333333333,10.1595628520853,9.84941847941229,NA
"485",2004,1065,1,2,49,4,1,1,1,0,134008.440726,3,12,15,18,55,128434.605938,2,NA,64,14,NA,NA,55,15,TRUE,1,1,0,64217.302969,11.8056580674418,11.0700279700161,NA
"486",1988,598,1,1,83,7,2,1,1,0,NA,2,4,-1,58,-1,13269,1,3,20,8,NA,NA,58,4,FALSE,1,1,0,13269,NA,9.49318576653644,NA
"487",1998,2576,2,2,37,4,3,1,1,0,22392,NA,11,13,62,62,22392,2,3,26,12,NA,NA,62,13,TRUE,1,0,0,11196,10.0164590311953,9.32331185063534,NA
"488",2010,1564,3,2,56,2,3,1,1,0,2331,3,5,12,58,18,23310,1,3,87,16,NA,NA,58,12,TRUE,1,0,0,23310,7.75405263903576,10.0566377320298,NA
"489",1994,573,1,2,53,4,6,4,1,8,6876,2,8,-1,63,-1,8595,2,2,36,12,NA,NA,63,8,TRUE,0,1,1,4297.5,8.83579236650274,8.365788737257,NA
"490",2002,1949,1,2,59,2,3,1,1,0,34413.5,3,-1,8,62,-1,34413.5,2,3,39,12,NA,NA,62,8,TRUE,1,1,0,17206.75,10.4462042082368,9.75305702767684,NA
"491",2002,1782,2,2,37,1,5,1,1,0,NA,4,13,8,90,-1,NA,4,NA,64,14,NA,NA,90,13,TRUE,1,0,1,NA,NA,NA,NA
"492",1976,529,1,2,30,3,5,1,NA,NA,NA,3,6,-1,35,-1,25465,4,3,11,10,NA,NA,35,6,TRUE,1,1,1,6366.25,NA,8.75876587819881,NA
"493",2014,2515,1,1,46,4,5,4,1,0,15372.5,3,8,-1,29,-1,15372.5,2,3,29,12,NA,NA,29,8,FALSE,0,1,1,7686.25,9.64033547782762,8.94718829726768,NA
"494",2004,1217,1,2,24,1,4,1,1,0,8302.25,3,12,12,29,9,33209,4,NA,29,16,NA,NA,29,12,TRUE,1,1,1,8302.25,9.02428184138532,9.02428184138532,NA
"495",1984,1260,2,1,69,11,2,1,1,0,NA,2,1,5,58,-1,15132,2,3,29,4,NA,NA,58,5,FALSE,1,0,0,7566,NA,8.93141980519298,NA
"496",2002,2224,1,2,54,6,3,1,1,0,NA,2,12,8,37,14,NA,2,NA,55,10,NA,NA,37,12,TRUE,1,1,0,NA,NA,NA,NA
"497",2006,2506,2,2,48,6,4,1,1,0,21318.75,4,12,12,18,88,25582.5,2,3,24,18,NA,NA,88,12,TRUE,1,0,1,12791.25,9.96734224616696,9.45651662240097,NA
"498",1976,712,1,1,25,3,3,1,NA,NA,25465,3,12,16,18,-1,35651,2,3,49,16,NA,NA,18,16,FALSE,1,1,0,17825.5,10.1450602393187,9.78838529537997,NA
"499",2008,336,1,1,66,1,3,5,1,0,NA,3,-1,12,-1,55,64260,2,4,83,16,NA,NA,55,12,FALSE,0,1,0,32130,NA,10.3775454521099,NA
"500",1993,1213,2,2,78,1,6,1,1,0,NA,1,12,8,39,-1,2751,1,2,14,12,NA,1,39,12,TRUE,1,0,1,2751,NA,7.91971976092457,1
